label,Filename
0,S57-AFb-1.txt
0,S57-AFb-2.txt
0,S57-AFb-3.txt
0,S57-AFb-4.txt
0,S57-AFb-5.txt
0,S57-AFb-6.txt
0,S57-AFb-7.txt
0,S57-AFb-8.txt
0,S57-AFb-9.txt
0,S57-AFb-10.txt
0,S57-AFb-11.txt
0,S57-AFb-12.txt
0,S57-AFb-13.txt
0,S57-AFb-14.txt
0,S57-AFb-15.txt
0,S57-AFb-16.txt
0,S57-AFb-17.txt
0,S57-AFb-18.txt
0,S57-AFb-19.txt
0,S57-AFb-20.txt
0,S57-AFb-21.txt
0,S57-AFb-22.txt
0,S57-AFb-23.txt
0,S57-AFb-24.txt
0,S57-AFb-25.txt
2,S36-SVT-170.txt
2,S36-SVT-171.txt
2,S36-SVT-172.txt
2,S36-SVT-173.txt
2,S36-SVT-174.txt
2,S36-SVT-175.txt
2,S36-SVT-176.txt
2,S36-SVT-177.txt
2,S36-SVT-178.txt
2,S36-SVT-179.txt
2,S36-SVT-180.txt
2,S36-SVT-181.txt
2,S36-SVT-182.txt
2,S36-SVT-183.txt
2,S36-SVT-184.txt
2,S36-SVT-185.txt
2,S36-SVT-186.txt
2,S36-SVT-187.txt
2,S36-SVT-188.txt
2,S36-SVT-189.txt
2,S36-SVT-190.txt
2,S36-SVT-191.txt
2,S36-SVT-192.txt
2,S36-SVT-193.txt
2,S36-SVT-194.txt
2,S36-SVT-195.txt
2,S36-SVT-196.txt
2,S36-SVT-197.txt
2,S36-SVT-198.txt
2,S36-SVT-199.txt
2,S36-SVT-200.txt
2,S36-SVT-201.txt
2,S36-SVT-202.txt
2,S36-SVT-203.txt
2,S36-SVT-204.txt
2,S36-SVT-205.txt
2,S36-SVT-206.txt
2,S36-SVT-207.txt
2,S36-SVT-208.txt
2,S36-SVT-209.txt
2,S36-SVT-210.txt
2,S36-SVT-211.txt
2,S36-SVT-212.txt
2,S36-SVT-213.txt
2,S36-SVT-214.txt
2,S36-SVT-215.txt
2,S36-SVT-216.txt
2,S36-SVT-217.txt
2,S36-SVT-218.txt
2,S36-SVT-219.txt
2,S36-SVT-220.txt
2,S36-SVT-221.txt
2,S36-SVT-222.txt
2,S36-SVT-223.txt
2,S36-SVT-224.txt
2,S36-SVT-225.txt
2,S36-SVT-226.txt
0,S59-AFb-1.txt
0,S59-AFb-2.txt
0,S59-AFb-3.txt
0,S59-AFb-4.txt
0,S59-AFb-5.txt
0,S59-AFb-6.txt
0,S59-AFb-7.txt
0,S59-AFb-8.txt
0,S59-AFb-9.txt
0,S59-AFb-10.txt
0,S59-AFb-11.txt
0,S59-AFb-12.txt
0,S59-AFb-13.txt
0,S59-AFb-14.txt
0,S59-AFb-15.txt
0,S59-AFb-16.txt
0,S59-AFb-17.txt
0,S59-AFb-18.txt
0,S59-AFb-19.txt
0,S59-AFb-20.txt
0,S59-AFb-21.txt
0,S59-AFb-22.txt
0,S59-AFb-23.txt
0,S59-AFb-24.txt
0,S59-AFb-25.txt
0,S59-AFb-26.txt
0,S59-AFb-27.txt
0,S59-AFb-28.txt
0,S59-AFb-29.txt
0,S59-AFb-30.txt
0,S59-AFb-31.txt
0,S59-AFb-32.txt
0,S59-AFb-33.txt
0,S59-AFb-34.txt
0,S59-AFb-35.txt
0,S59-AFb-36.txt
0,S59-AFb-37.txt
0,S59-AFb-38.txt
0,S59-AFb-39.txt
0,S59-AFb-40.txt
0,S59-AFb-41.txt
0,S59-AFb-42.txt
0,S59-AFb-43.txt
0,S59-AFb-44.txt
0,S59-AFb-45.txt
0,S59-AFb-46.txt
0,S59-AFb-47.txt
0,S59-AFb-48.txt
0,S59-AFb-49.txt
0,S59-AFb-50.txt
0,S59-AFb-51.txt
0,S59-AFb-52.txt
0,S59-AFb-53.txt
0,S59-AFb-54.txt
0,S59-AFb-55.txt
0,S59-AFb-56.txt
0,S59-AFb-57.txt
0,S59-AFb-58.txt
0,S59-AFb-59.txt
0,S59-AFb-60.txt
0,S59-AFb-61.txt
0,S59-AFb-62.txt
0,S59-AFb-63.txt
0,S59-AFb-64.txt
0,S59-AFb-65.txt
0,S59-AFb-66.txt
0,S59-AFb-67.txt
0,S59-AFb-68.txt
0,S59-AFb-69.txt
0,S59-AFb-70.txt
0,S59-AFb-71.txt
0,S59-AFb-72.txt
0,S59-AFb-73.txt
0,S59-AFb-74.txt
0,S59-AFb-75.txt
0,S59-AFb-76.txt
0,S59-AFb-77.txt
0,S59-AFb-78.txt
0,S59-AFb-79.txt
0,S59-AFb-80.txt
0,S59-AFb-81.txt
0,S59-AFb-82.txt
0,S59-AFb-83.txt
0,S59-AFb-84.txt
0,S59-AFb-85.txt
0,S59-AFb-86.txt
0,S59-AFb-87.txt
0,S59-AFb-88.txt
0,S59-AFb-89.txt
0,S59-AFb-90.txt
0,S59-AFb-91.txt
0,S59-AFb-92.txt
0,S59-AFb-93.txt
0,S59-AFb-94.txt
0,S59-AFb-95.txt
0,S59-AFb-96.txt
0,S59-AFb-97.txt
0,S59-AFb-98.txt
0,S59-AFb-99.txt
0,S59-AFb-100.txt
0,S59-AFb-101.txt
0,S59-AFb-102.txt
0,S59-AFb-103.txt
0,S59-AFb-104.txt
0,S59-AFb-105.txt
0,S59-AFb-106.txt
0,S59-AFb-107.txt
0,S59-AFb-108.txt
0,S59-AFb-109.txt
0,S59-AFb-110.txt
0,S59-AFb-111.txt
0,S59-AFb-112.txt
0,S59-AFb-113.txt
0,S59-AFb-114.txt
0,S59-AFb-115.txt
0,S59-AFb-116.txt
0,S59-AFb-117.txt
0,S59-AFb-118.txt
0,S59-AFb-119.txt
0,S59-AFb-120.txt
0,S59-AFb-121.txt
0,S59-AFb-122.txt
0,S59-AFb-123.txt
0,S59-AFb-124.txt
0,S59-AFb-125.txt
0,S59-AFb-126.txt
0,S59-AFb-127.txt
0,S59-AFb-128.txt
0,S59-AFb-129.txt
0,S59-AFb-130.txt
0,S59-AFb-131.txt
0,S59-AFb-132.txt
0,S59-AFb-133.txt
0,S59-AFb-134.txt
0,S59-AFb-135.txt
0,S59-AFb-136.txt
0,S59-AFb-137.txt
0,S59-AFb-138.txt
0,S59-AFb-139.txt
1,S06-AFt-1.txt
1,S06-AFt-2.txt
1,S06-AFt-3.txt
1,S06-AFt-4.txt
1,S06-AFt-5.txt
1,S06-AFt-6.txt
1,S06-AFt-7.txt
1,S06-AFt-8.txt
1,S06-AFt-9.txt
1,S06-AFt-10.txt
1,S06-AFt-11.txt
1,S06-AFt-12.txt
1,S06-AFt-13.txt
1,S06-AFt-14.txt
1,S06-AFt-15.txt
1,S06-AFt-16.txt
1,S06-AFt-17.txt
1,S06-AFt-18.txt
1,S06-AFt-19.txt
1,S06-AFt-20.txt
1,S06-AFt-21.txt
1,S06-AFt-22.txt
1,S06-AFt-23.txt
1,S06-AFt-24.txt
1,S06-AFt-25.txt
1,S06-AFt-26.txt
1,S06-AFt-27.txt
1,S06-AFt-28.txt
1,S06-AFt-29.txt
1,S06-AFt-30.txt
1,S06-AFt-31.txt
1,S06-AFt-32.txt
1,S06-AFt-33.txt
1,S06-AFt-34.txt
1,S06-AFt-35.txt
1,S06-AFt-36.txt
1,S06-AFt-37.txt
1,S06-AFt-38.txt
1,S06-AFt-39.txt
1,S06-AFt-40.txt
1,S06-AFt-41.txt
1,S06-AFt-42.txt
1,S06-AFt-43.txt
1,S06-AFt-44.txt
1,S06-AFt-45.txt
1,S06-AFt-46.txt
1,S06-AFt-47.txt
1,S06-AFt-48.txt
1,S06-AFt-49.txt
1,S06-AFt-50.txt
1,S06-AFt-51.txt
1,S06-AFt-52.txt
1,S06-AFt-53.txt
1,S06-AFt-54.txt
1,S06-AFt-55.txt
1,S06-AFt-56.txt
1,S06-AFt-57.txt
1,S06-AFt-58.txt
1,S06-AFt-59.txt
1,S06-AFt-60.txt
1,S06-AFt-61.txt
1,S06-AFt-62.txt
1,S06-AFt-63.txt
1,S06-AFt-64.txt
1,S06-AFt-65.txt
1,S06-AFt-66.txt
1,S06-AFt-67.txt
1,S06-AFt-68.txt
1,S06-AFt-69.txt
1,S06-AFt-70.txt
1,S06-AFt-71.txt
1,S06-AFt-72.txt
1,S06-AFt-73.txt
1,S06-AFt-74.txt
1,S06-AFt-75.txt
1,S06-AFt-76.txt
1,S06-AFt-77.txt
1,S06-AFt-78.txt
1,S06-AFt-79.txt
1,S06-AFt-80.txt
1,S06-AFt-81.txt
1,S06-AFt-82.txt
1,S06-AFt-83.txt
1,S06-AFt-84.txt
1,S06-AFt-85.txt
1,S06-AFt-86.txt
1,S06-AFt-87.txt
1,S06-AFt-88.txt
1,S06-AFt-89.txt
1,S06-AFt-90.txt
1,S06-AFt-91.txt
1,S06-AFt-92.txt
1,S06-AFt-93.txt
1,S06-AFt-94.txt
1,S06-AFt-95.txt
1,S06-AFt-96.txt
1,S06-AFt-97.txt
1,S06-AFt-98.txt
1,S06-AFt-99.txt
1,S06-AFt-100.txt
1,S06-AFt-101.txt
1,S06-AFt-102.txt
1,S06-AFt-103.txt
1,S06-AFt-104.txt
1,S06-AFt-105.txt
1,S06-AFt-106.txt
1,S06-AFt-107.txt
1,S06-AFt-108.txt
1,S06-AFt-109.txt
1,S06-AFt-110.txt
1,S06-AFt-111.txt
1,S06-AFt-112.txt
1,S06-AFt-113.txt
1,S06-AFt-114.txt
1,S06-AFt-115.txt
1,S06-AFt-116.txt
1,S06-AFt-117.txt
1,S06-AFt-118.txt
1,S06-AFt-119.txt
1,S06-AFt-120.txt
3,S64-VFb-199.txt
3,S64-VFb-200.txt
3,S64-VFb-201.txt
3,S64-VFb-202.txt
3,S64-VFb-203.txt
3,S64-VFb-204.txt
3,S64-VFb-205.txt
3,S64-VFb-206.txt
3,S64-VFb-207.txt
3,S64-VFb-208.txt
3,S64-VFb-209.txt
3,S64-VFb-210.txt
3,S64-VFb-211.txt
3,S64-VFb-212.txt
3,S64-VFb-213.txt
3,S64-VFb-214.txt
3,S64-VFb-215.txt
3,S64-VFb-216.txt
3,S64-VFb-217.txt
3,S64-VFb-218.txt
3,S64-VFb-219.txt
3,S64-VFb-220.txt
3,S64-VFb-221.txt
3,S64-VFb-222.txt
3,S64-VFb-223.txt
3,S64-VFb-224.txt
3,S64-VFb-225.txt
3,S64-VFb-226.txt
3,S64-VFb-227.txt
3,S64-VFb-228.txt
3,S64-VFb-229.txt
3,S64-VFb-230.txt
3,S64-VFb-231.txt
3,S64-VFb-232.txt
3,S64-VFb-233.txt
3,S64-VFb-234.txt
3,S64-VFb-235.txt
3,S64-VFb-236.txt
3,S64-VFb-237.txt
3,S64-VFb-238.txt
3,S64-VFb-239.txt
3,S64-VFb-240.txt
3,S64-VFb-241.txt
3,S64-VFb-242.txt
3,S64-VFb-243.txt
3,S64-VFb-244.txt
3,S64-VFb-245.txt
3,S64-VFb-246.txt
3,S64-VFb-247.txt
3,S64-VFb-248.txt
3,S64-VFb-249.txt
3,S64-VFb-250.txt
3,S64-VFb-251.txt
3,S64-VFb-252.txt
3,S64-VFb-253.txt
3,S64-VFb-254.txt
3,S64-VFb-255.txt
3,S64-VFb-256.txt
3,S64-VFb-257.txt
3,S64-VFb-258.txt
3,S64-VFb-259.txt
3,S64-VFb-260.txt
3,S64-VFb-261.txt
3,S64-VFb-262.txt
3,S64-VFb-263.txt
3,S64-VFb-264.txt
3,S64-VFb-265.txt
3,S64-VFb-266.txt
3,S64-VFb-290.txt
3,S64-VFb-291.txt
3,S64-VFb-292.txt
3,S64-VFb-293.txt
3,S64-VFb-294.txt
3,S64-VFb-295.txt
3,S64-VFb-296.txt
3,S64-VFb-297.txt
3,S64-VFb-298.txt
3,S64-VFb-299.txt
3,S64-VFb-300.txt
3,S64-VFb-301.txt
3,S64-VFb-302.txt
3,S64-VFb-303.txt
3,S64-VFb-304.txt
3,S64-VFb-305.txt
3,S64-VFb-306.txt
3,S64-VFb-307.txt
3,S64-VFb-308.txt
3,S64-VFb-309.txt
3,S64-VFb-310.txt
3,S64-VFb-311.txt
3,S64-VFb-312.txt
3,S64-VFb-313.txt
3,S64-VFb-314.txt
3,S64-VFb-315.txt
3,S64-VFb-316.txt
3,S64-VFb-317.txt
3,S64-VFb-318.txt
3,S64-VFb-319.txt
3,S64-VFb-320.txt
3,S64-VFb-321.txt
3,S64-VFb-322.txt
3,S64-VFb-323.txt
3,S64-VFb-324.txt
3,S64-VFb-325.txt
3,S64-VFb-326.txt
3,S64-VFb-327.txt
3,S64-VFb-328.txt
3,S64-VFb-329.txt
3,S64-VFb-330.txt
3,S64-VFb-331.txt
3,S64-VFb-332.txt
3,S64-VFb-333.txt
3,S64-VFb-334.txt
3,S64-VFb-335.txt
3,S64-VFb-336.txt
3,S64-VFb-337.txt
3,S64-VFb-338.txt
3,S64-VFb-339.txt
3,S64-VFb-340.txt
3,S64-VFb-341.txt
3,S64-VFb-342.txt
3,S64-VFb-343.txt
3,S64-VFb-344.txt
3,S64-VFb-345.txt
3,S64-VFb-346.txt
3,S64-VFb-347.txt
3,S64-VFb-348.txt
3,S64-VFb-349.txt
3,S64-VFb-350.txt
3,S64-VFb-351.txt
3,S64-VFb-352.txt
3,S64-VFb-353.txt
3,S64-VFb-354.txt
3,S64-VFb-355.txt
3,S64-VFb-356.txt
3,S64-VFb-357.txt
3,S64-VFb-358.txt
3,S64-VFb-359.txt
3,S64-VFb-360.txt
3,S64-VFb-361.txt
3,S64-VFb-362.txt
3,S64-VFb-363.txt
3,S64-VFb-364.txt
3,S64-VFb-365.txt
3,S64-VFb-366.txt
3,S64-VFb-367.txt
3,S64-VFb-368.txt
3,S64-VFb-369.txt
3,S64-VFb-370.txt
3,S64-VFb-371.txt
3,S64-VFb-372.txt
3,S64-VFb-373.txt
3,S64-VFb-374.txt
3,S64-VFb-375.txt
3,S64-VFb-376.txt
3,S64-VFb-377.txt
3,S64-VFb-378.txt
3,S64-VFb-379.txt
3,S64-VFb-380.txt
3,S64-VFb-381.txt
3,S64-VFb-382.txt
3,S64-VFb-383.txt
3,S64-VFb-384.txt
3,S64-VFb-385.txt
3,S64-VFb-386.txt
3,S64-VFb-387.txt
3,S64-VFb-388.txt
3,S64-VFb-389.txt
3,S64-VFb-390.txt
3,S64-VFb-391.txt
3,S64-VFb-392.txt
3,S64-VFb-393.txt
3,S64-VFb-394.txt
3,S64-VFb-395.txt
3,S64-VFb-396.txt
3,S64-VFb-397.txt
3,S64-VFb-398.txt
3,S64-VFb-399.txt
3,S64-VFb-400.txt
3,S64-VFb-401.txt
3,S64-VFb-402.txt
3,S64-VFb-403.txt
3,S64-VFb-404.txt
3,S64-VFb-405.txt
3,S64-VFb-406.txt
3,S64-VFb-407.txt
3,S64-VFb-408.txt
3,S64-VFb-409.txt
3,S64-VFb-410.txt
3,S64-VFb-411.txt
3,S64-VFb-412.txt
3,S64-VFb-413.txt
3,S64-VFb-414.txt
3,S64-VFb-415.txt
3,S64-VFb-416.txt
3,S64-VFb-417.txt
3,S64-VFb-418.txt
3,S64-VFb-419.txt
3,S64-VFb-420.txt
3,S64-VFb-421.txt
3,S64-VFb-422.txt
3,S64-VFb-423.txt
3,S64-VFb-424.txt
3,S64-VFb-425.txt
3,S64-VFb-426.txt
2,S28-SVT-274.txt
2,S28-SVT-275.txt
2,S28-SVT-276.txt
2,S28-SVT-277.txt
2,S28-SVT-278.txt
2,S28-SVT-279.txt
2,S28-SVT-280.txt
2,S28-SVT-281.txt
2,S28-SVT-282.txt
2,S28-SVT-283.txt
2,S28-SVT-284.txt
2,S28-SVT-285.txt
2,S28-SVT-286.txt
2,S28-SVT-287.txt
2,S28-SVT-288.txt
2,S28-SVT-289.txt
2,S28-SVT-290.txt
2,S28-SVT-291.txt
2,S28-SVT-292.txt
2,S28-SVT-293.txt
2,S28-SVT-294.txt
2,S28-SVT-295.txt
2,S28-SVT-296.txt
2,S28-SVT-297.txt
2,S28-SVT-298.txt
2,S28-SVT-299.txt
2,S28-SVT-300.txt
2,S28-SVT-301.txt
2,S28-SVT-302.txt
2,S28-SVT-303.txt
2,S28-SVT-304.txt
2,S28-SVT-305.txt
2,S28-SVT-306.txt
2,S28-SVT-307.txt
2,S28-SVT-308.txt
2,S28-SVT-309.txt
2,S28-SVT-310.txt
2,S28-SVT-311.txt
2,S28-SVT-312.txt
2,S28-SVT-313.txt
2,S28-SVT-314.txt
2,S28-SVT-315.txt
2,S28-SVT-316.txt
2,S28-SVT-317.txt
2,S28-SVT-318.txt
2,S28-SVT-319.txt
2,S28-SVT-320.txt
2,S28-SVT-321.txt
2,S28-SVT-322.txt
2,S28-SVT-323.txt
2,S28-SVT-324.txt
2,S28-SVT-325.txt
2,S28-SVT-326.txt
2,S28-SVT-327.txt
2,S28-SVT-328.txt
2,S28-SVT-329.txt
2,S28-SVT-330.txt
2,S28-SVT-331.txt
2,S28-SVT-332.txt
2,S28-SVT-333.txt
2,S28-SVT-334.txt
2,S28-SVT-335.txt
2,S28-SVT-336.txt
2,S28-SVT-337.txt
2,S28-SVT-338.txt
2,S28-SVT-339.txt
2,S28-SVT-340.txt
2,S28-SVT-341.txt
2,S28-SVT-342.txt
2,S28-SVT-343.txt
2,S28-SVT-344.txt
2,S28-SVT-345.txt
2,S28-SVT-346.txt
2,S28-SVT-347.txt
2,S28-SVT-348.txt
2,S28-SVT-349.txt
2,S28-SVT-350.txt
2,S28-SVT-351.txt
2,S28-SVT-352.txt
2,S28-SVT-353.txt
2,S28-SVT-354.txt
2,S28-SVT-355.txt
2,S28-SVT-356.txt
2,S28-SVT-357.txt
2,S28-SVT-358.txt
2,S28-SVT-359.txt
2,S28-SVT-360.txt
2,S28-SVT-361.txt
2,S28-SVT-362.txt
2,S28-SVT-363.txt
2,S28-SVT-364.txt
2,S28-SVT-365.txt
2,S28-SVT-366.txt
2,S28-SVT-367.txt
2,S28-SVT-368.txt
2,S28-SVT-369.txt
2,S28-SVT-370.txt
2,S28-SVT-371.txt
2,S28-SVT-372.txt
2,S28-SVT-373.txt
2,S28-SVT-374.txt
2,S28-SVT-375.txt
2,S28-SVT-376.txt
2,S28-SVT-377.txt
2,S28-SVT-378.txt
2,S28-SVT-379.txt
2,S28-SVT-380.txt
2,S28-SVT-381.txt
2,S28-SVT-382.txt
2,S28-SVT-383.txt
2,S28-SVT-384.txt
2,S28-SVT-385.txt
2,S28-SVT-386.txt
2,S28-SVT-387.txt
2,S28-SVT-388.txt
2,S28-SVT-389.txt
0,S63-AFb-1.txt
0,S63-AFb-2.txt
0,S63-AFb-3.txt
0,S63-AFb-4.txt
0,S63-AFb-5.txt
0,S63-AFb-6.txt
0,S63-AFb-7.txt
0,S63-AFb-8.txt
0,S63-AFb-9.txt
0,S63-AFb-10.txt
0,S63-AFb-11.txt
0,S63-AFb-12.txt
0,S63-AFb-13.txt
0,S63-AFb-14.txt
0,S63-AFb-15.txt
0,S63-AFb-16.txt
0,S63-AFb-17.txt
0,S63-AFb-18.txt
0,S63-AFb-19.txt
0,S63-AFb-20.txt
0,S63-AFb-21.txt
0,S63-AFb-22.txt
0,S63-AFb-23.txt
0,S63-AFb-24.txt
0,S63-AFb-25.txt
0,S63-AFb-26.txt
0,S63-AFb-27.txt
0,S63-AFb-28.txt
0,S63-AFb-29.txt
0,S63-AFb-30.txt
0,S63-AFb-31.txt
0,S63-AFb-32.txt
0,S63-AFb-33.txt
0,S63-AFb-34.txt
0,S63-AFb-35.txt
0,S63-AFb-36.txt
0,S63-AFb-37.txt
0,S63-AFb-38.txt
0,S63-AFb-39.txt
0,S63-AFb-40.txt
0,S63-AFb-41.txt
0,S63-AFb-42.txt
0,S63-AFb-43.txt
0,S63-AFb-44.txt
0,S63-AFb-45.txt
0,S63-AFb-46.txt
0,S63-AFb-47.txt
0,S63-AFb-48.txt
0,S63-AFb-49.txt
0,S63-AFb-50.txt
0,S63-AFb-51.txt
0,S63-AFb-52.txt
0,S63-AFb-53.txt
0,S63-AFb-54.txt
0,S63-AFb-55.txt
0,S63-AFb-56.txt
0,S63-AFb-57.txt
0,S63-AFb-58.txt
0,S63-AFb-59.txt
0,S63-AFb-60.txt
0,S63-AFb-61.txt
0,S63-AFb-62.txt
0,S63-AFb-63.txt
0,S63-AFb-64.txt
0,S63-AFb-65.txt
0,S63-AFb-66.txt
0,S63-AFb-67.txt
0,S63-AFb-68.txt
0,S63-AFb-69.txt
0,S63-AFb-70.txt
0,S63-AFb-71.txt
0,S63-AFb-72.txt
0,S63-AFb-73.txt
0,S63-AFb-74.txt
0,S63-AFb-75.txt
0,S63-AFb-76.txt
0,S63-AFb-77.txt
0,S63-AFb-78.txt
0,S63-AFb-79.txt
0,S63-AFb-80.txt
0,S63-AFb-81.txt
0,S63-AFb-82.txt
0,S63-AFb-83.txt
0,S63-AFb-84.txt
0,S63-AFb-85.txt
0,S63-AFb-86.txt
0,S63-AFb-87.txt
0,S63-AFb-88.txt
0,S63-AFb-89.txt
0,S63-AFb-90.txt
0,S63-AFb-91.txt
0,S63-AFb-92.txt
0,S63-AFb-93.txt
0,S63-AFb-94.txt
0,S63-AFb-95.txt
0,S63-AFb-96.txt
0,S63-AFb-97.txt
0,S63-AFb-98.txt
0,S63-AFb-99.txt
0,S63-AFb-100.txt
0,S63-AFb-101.txt
0,S63-AFb-102.txt
0,S63-AFb-103.txt
0,S63-AFb-104.txt
0,S95-AFb-1.txt
0,S95-AFb-2.txt
0,S95-AFb-3.txt
0,S95-AFb-4.txt
0,S95-AFb-5.txt
0,S95-AFb-6.txt
0,S95-AFb-7.txt
0,S95-AFb-8.txt
0,S95-AFb-9.txt
0,S95-AFb-10.txt
0,S95-AFb-11.txt
0,S95-AFb-12.txt
0,S95-AFb-13.txt
0,S95-AFb-14.txt
0,S95-AFb-15.txt
0,S95-AFb-16.txt
0,S95-AFb-17.txt
0,S95-AFb-18.txt
0,S95-AFb-19.txt
0,S95-AFb-20.txt
0,S95-AFb-21.txt
0,S95-AFb-22.txt
0,S95-AFb-23.txt
0,S95-AFb-24.txt
0,S95-AFb-25.txt
0,S95-AFb-26.txt
0,S95-AFb-27.txt
0,S95-AFb-28.txt
0,S95-AFb-29.txt
0,S95-AFb-30.txt
0,S95-AFb-31.txt
0,S95-AFb-32.txt
0,S95-AFb-33.txt
0,S95-AFb-34.txt
0,S95-AFb-35.txt
0,S95-AFb-36.txt
0,S95-AFb-37.txt
0,S95-AFb-38.txt
0,S95-AFb-39.txt
0,S95-AFb-40.txt
0,S95-AFb-41.txt
0,S95-AFb-42.txt
0,S95-AFb-43.txt
0,S95-AFb-44.txt
0,S95-AFb-45.txt
0,S95-AFb-46.txt
0,S95-AFb-47.txt
0,S95-AFb-48.txt
0,S95-AFb-49.txt
0,S95-AFb-50.txt
0,S95-AFb-51.txt
0,S95-AFb-52.txt
0,S95-AFb-53.txt
0,S95-AFb-54.txt
0,S95-AFb-55.txt
0,S95-AFb-56.txt
0,S95-AFb-57.txt
0,S95-AFb-58.txt
0,S95-AFb-59.txt
0,S95-AFb-60.txt
0,S95-AFb-61.txt
0,S95-AFb-62.txt
0,S95-AFb-63.txt
0,S95-AFb-64.txt
0,S95-AFb-65.txt
0,S95-AFb-66.txt
0,S95-AFb-67.txt
0,S95-AFb-68.txt
0,S95-AFb-69.txt
0,S95-AFb-70.txt
0,S95-AFb-140.txt
0,S95-AFb-141.txt
0,S95-AFb-142.txt
0,S95-AFb-143.txt
0,S95-AFb-144.txt
0,S95-AFb-145.txt
0,S95-AFb-146.txt
0,S95-AFb-147.txt
0,S95-AFb-148.txt
0,S95-AFb-149.txt
0,S95-AFb-150.txt
0,S95-AFb-151.txt
0,S95-AFb-152.txt
0,S95-AFb-153.txt
0,S95-AFb-154.txt
0,S95-AFb-155.txt
0,S95-AFb-156.txt
0,S95-AFb-157.txt
0,S95-AFb-158.txt
0,S95-AFb-159.txt
0,S95-AFb-160.txt
0,S95-AFb-161.txt
0,S95-AFb-162.txt
0,S95-AFb-163.txt
0,S95-AFb-164.txt
0,S95-AFb-165.txt
0,S95-AFb-166.txt
0,S95-AFb-167.txt
0,S95-AFb-168.txt
0,S95-AFb-169.txt
0,S95-AFb-170.txt
0,S95-AFb-171.txt
0,S95-AFb-172.txt
0,S95-AFb-173.txt
0,S95-AFb-174.txt
0,S95-AFb-175.txt
0,S95-AFb-176.txt
0,S95-AFb-177.txt
0,S95-AFb-178.txt
0,S95-AFb-179.txt
0,S95-AFb-180.txt
0,S95-AFb-181.txt
0,S95-AFb-182.txt
0,S95-AFb-183.txt
0,S95-AFb-184.txt
0,S95-AFb-185.txt
0,S95-AFb-186.txt
0,S95-AFb-187.txt
0,S95-AFb-188.txt
0,S95-AFb-189.txt
0,S95-AFb-190.txt
0,S95-AFb-191.txt
0,S95-AFb-192.txt
0,S95-AFb-193.txt
0,S95-AFb-194.txt
0,S95-AFb-195.txt
0,S95-AFb-196.txt
0,S95-AFb-197.txt
0,S95-AFb-198.txt
0,S95-AFb-199.txt
0,S95-AFb-200.txt
0,S95-AFb-201.txt
0,S95-AFb-202.txt
0,S95-AFb-203.txt
0,S95-AFb-204.txt
0,S95-AFb-205.txt
0,S95-AFb-206.txt
0,S95-AFb-207.txt
0,S95-AFb-208.txt
0,S95-AFb-209.txt
0,S95-AFb-210.txt
0,S95-AFb-211.txt
0,S95-AFb-212.txt
0,S95-AFb-213.txt
0,S95-AFb-214.txt
0,S95-AFb-215.txt
0,S95-AFb-216.txt
0,S95-AFb-217.txt
0,S95-AFb-218.txt
0,S95-AFb-219.txt
0,S95-AFb-220.txt
0,S95-AFb-221.txt
0,S95-AFb-222.txt
0,S95-AFb-223.txt
0,S95-AFb-224.txt
0,S95-AFb-225.txt
0,S95-AFb-226.txt
0,S95-AFb-227.txt
0,S95-AFb-228.txt
0,S95-AFb-229.txt
0,S95-AFb-230.txt
0,S95-AFb-231.txt
0,S95-AFb-232.txt
0,S95-AFb-233.txt
0,S95-AFb-234.txt
0,S95-AFb-235.txt
0,S95-AFb-236.txt
0,S95-AFb-237.txt
0,S95-AFb-238.txt
0,S95-AFb-239.txt
0,S95-AFb-240.txt
0,S95-AFb-241.txt
0,S95-AFb-242.txt
0,S95-AFb-243.txt
0,S95-AFb-244.txt
0,S95-AFb-245.txt
0,S95-AFb-246.txt
0,S95-AFb-247.txt
0,S95-AFb-248.txt
0,S95-AFb-249.txt
0,S95-AFb-250.txt
0,S95-AFb-251.txt
0,S95-AFb-252.txt
0,S95-AFb-253.txt
0,S95-AFb-254.txt
0,S95-AFb-255.txt
0,S95-AFb-256.txt
0,S95-AFb-257.txt
0,S95-AFb-258.txt
0,S95-AFb-259.txt
0,S95-AFb-260.txt
0,S95-AFb-261.txt
0,S95-AFb-262.txt
0,S95-AFb-263.txt
0,S95-AFb-264.txt
4,S04-VFt-4.txt
4,S04-VFt-5.txt
4,S04-VFt-6.txt
4,S04-VFt-7.txt
4,S04-VFt-8.txt
4,S04-VFt-9.txt
4,S04-VFt-10.txt
4,S04-VFt-11.txt
4,S04-VFt-12.txt
4,S04-VFt-13.txt
4,S04-VFt-14.txt
4,S04-VFt-15.txt
4,S04-VFt-16.txt
4,S04-VFt-17.txt
4,S04-VFt-18.txt
4,S04-VFt-19.txt
4,S04-VFt-20.txt
4,S04-VFt-21.txt
4,S04-VFt-22.txt
4,S04-VFt-23.txt
4,S04-VFt-24.txt
4,S04-VFt-25.txt
4,S04-VFt-26.txt
4,S04-VFt-27.txt
4,S04-VFt-28.txt
4,S04-VFt-29.txt
4,S04-VFt-30.txt
4,S04-VFt-31.txt
4,S04-VFt-32.txt
4,S04-VFt-33.txt
4,S04-VFt-34.txt
4,S04-VFt-35.txt
4,S04-VFt-36.txt
4,S04-VFt-37.txt
4,S04-VFt-38.txt
4,S04-VFt-39.txt
4,S04-VFt-40.txt
4,S04-VFt-41.txt
4,S04-VFt-42.txt
4,S04-VFt-43.txt
4,S04-VFt-44.txt
4,S04-VFt-45.txt
4,S04-VFt-46.txt
4,S04-VFt-47.txt
4,S04-VFt-48.txt
4,S04-VFt-49.txt
4,S04-VFt-50.txt
4,S04-VFt-51.txt
4,S04-VFt-52.txt
4,S04-VFt-53.txt
4,S04-VFt-54.txt
4,S04-VFt-55.txt
4,S04-VFt-56.txt
4,S04-VFt-57.txt
4,S04-VFt-58.txt
4,S04-VFt-59.txt
4,S04-VFt-60.txt
4,S04-VFt-61.txt
4,S04-VFt-62.txt
4,S04-VFt-63.txt
4,S04-VFt-64.txt
4,S04-VFt-65.txt
4,S04-VFt-66.txt
4,S04-VFt-67.txt
4,S04-VFt-68.txt
4,S04-VFt-69.txt
4,S04-VFt-70.txt
4,S04-VFt-71.txt
4,S04-VFt-72.txt
4,S04-VFt-73.txt
4,S04-VFt-74.txt
4,S04-VFt-75.txt
4,S04-VFt-76.txt
4,S04-VFt-77.txt
4,S04-VFt-78.txt
4,S04-VFt-79.txt
4,S04-VFt-80.txt
4,S04-VFt-81.txt
4,S04-VFt-82.txt
4,S04-VFt-83.txt
4,S04-VFt-84.txt
4,S04-VFt-85.txt
4,S04-VFt-86.txt
4,S04-VFt-87.txt
4,S04-VFt-88.txt
4,S04-VFt-89.txt
4,S04-VFt-90.txt
4,S04-VFt-91.txt
4,S04-VFt-92.txt
4,S04-VFt-93.txt
4,S04-VFt-94.txt
4,S04-VFt-95.txt
4,S04-VFt-96.txt
4,S04-VFt-97.txt
4,S04-VFt-98.txt
4,S04-VFt-99.txt
4,S04-VFt-100.txt
4,S04-VFt-101.txt
4,S04-VFt-102.txt
4,S04-VFt-103.txt
4,S04-VFt-104.txt
4,S04-VFt-105.txt
4,S04-VFt-106.txt
4,S04-VFt-107.txt
4,S04-VFt-108.txt
4,S04-VFt-109.txt
4,S04-VFt-110.txt
4,S04-VFt-111.txt
4,S04-VFt-112.txt
4,S04-VFt-113.txt
4,S04-VFt-114.txt
4,S04-VFt-115.txt
4,S04-VFt-116.txt
4,S04-VFt-117.txt
4,S04-VFt-118.txt
4,S04-VFt-119.txt
4,S04-VFt-120.txt
4,S04-VFt-121.txt
4,S04-VFt-122.txt
4,S04-VFt-123.txt
4,S04-VFt-124.txt
4,S04-VFt-125.txt
4,S04-VFt-126.txt
4,S04-VFt-127.txt
4,S04-VFt-128.txt
4,S04-VFt-129.txt
4,S04-VFt-130.txt
4,S04-VFt-131.txt
4,S04-VFt-132.txt
4,S04-VFt-133.txt
4,S04-VFt-134.txt
4,S04-VFt-135.txt
4,S04-VFt-136.txt
4,S04-VFt-137.txt
4,S04-VFt-138.txt
4,S04-VFt-139.txt
4,S04-VFt-140.txt
4,S04-VFt-141.txt
4,S04-VFt-142.txt
4,S04-VFt-143.txt
4,S04-VFt-144.txt
4,S04-VFt-145.txt
4,S04-VFt-146.txt
4,S04-VFt-147.txt
4,S04-VFt-148.txt
4,S04-VFt-149.txt
4,S04-VFt-150.txt
4,S04-VFt-151.txt
4,S04-VFt-152.txt
4,S04-VFt-153.txt
4,S04-VFt-154.txt
4,S04-VFt-155.txt
4,S04-VFt-156.txt
4,S04-VFt-157.txt
4,S04-VFt-158.txt
4,S04-VFt-159.txt
4,S04-VFt-160.txt
4,S04-VFt-161.txt
4,S04-VFt-162.txt
4,S04-VFt-163.txt
4,S04-VFt-164.txt
4,S04-VFt-165.txt
4,S04-VFt-166.txt
4,S04-VFt-167.txt
4,S04-VFt-168.txt
4,S04-VFt-169.txt
4,S04-VFt-170.txt
4,S04-VFt-171.txt
4,S04-VFt-172.txt
4,S04-VFt-173.txt
4,S04-VFt-174.txt
3,S35-VFb-237.txt
3,S35-VFb-238.txt
3,S35-VFb-239.txt
3,S35-VFb-240.txt
3,S35-VFb-241.txt
3,S35-VFb-242.txt
3,S35-VFb-243.txt
3,S35-VFb-244.txt
3,S35-VFb-245.txt
3,S35-VFb-246.txt
3,S35-VFb-247.txt
3,S35-VFb-248.txt
3,S35-VFb-249.txt
3,S35-VFb-250.txt
3,S35-VFb-251.txt
3,S35-VFb-252.txt
3,S35-VFb-253.txt
3,S35-VFb-254.txt
3,S35-VFb-255.txt
3,S35-VFb-256.txt
3,S35-VFb-257.txt
3,S35-VFb-258.txt
3,S35-VFb-259.txt
3,S35-VFb-260.txt
3,S35-VFb-261.txt
3,S35-VFb-262.txt
3,S35-VFb-263.txt
3,S35-VFb-264.txt
3,S35-VFb-265.txt
3,S35-VFb-266.txt
3,S35-VFb-267.txt
3,S35-VFb-268.txt
3,S35-VFb-269.txt
3,S35-VFb-270.txt
3,S35-VFb-271.txt
3,S35-VFb-272.txt
3,S35-VFb-273.txt
3,S35-VFb-274.txt
3,S35-VFb-275.txt
3,S35-VFb-276.txt
3,S35-VFb-277.txt
3,S35-VFb-278.txt
3,S35-VFb-279.txt
3,S35-VFb-280.txt
3,S35-VFb-281.txt
3,S35-VFb-282.txt
3,S35-VFb-283.txt
3,S35-VFb-284.txt
3,S35-VFb-285.txt
3,S35-VFb-286.txt
3,S35-VFb-287.txt
3,S35-VFb-288.txt
3,S35-VFb-289.txt
3,S35-VFb-290.txt
3,S35-VFb-291.txt
3,S35-VFb-292.txt
3,S35-VFb-293.txt
3,S35-VFb-294.txt
3,S35-VFb-295.txt
3,S35-VFb-296.txt
3,S35-VFb-297.txt
3,S35-VFb-298.txt
3,S35-VFb-299.txt
3,S35-VFb-300.txt
3,S35-VFb-301.txt
3,S35-VFb-302.txt
3,S35-VFb-303.txt
3,S35-VFb-304.txt
3,S35-VFb-305.txt
3,S35-VFb-306.txt
3,S35-VFb-307.txt
3,S35-VFb-308.txt
3,S35-VFb-309.txt
3,S35-VFb-310.txt
3,S35-VFb-311.txt
3,S35-VFb-312.txt
3,S35-VFb-313.txt
3,S35-VFb-314.txt
3,S35-VFb-315.txt
3,S35-VFb-316.txt
3,S35-VFb-317.txt
3,S35-VFb-318.txt
3,S35-VFb-319.txt
3,S35-VFb-320.txt
3,S35-VFb-321.txt
3,S35-VFb-322.txt
3,S35-VFb-323.txt
3,S35-VFb-324.txt
3,S35-VFb-325.txt
3,S35-VFb-326.txt
3,S35-VFb-327.txt
3,S35-VFb-328.txt
3,S35-VFb-329.txt
3,S35-VFb-330.txt
3,S35-VFb-331.txt
3,S35-VFb-332.txt
3,S35-VFb-333.txt
3,S35-VFb-334.txt
3,S94-VFb-499.txt
3,S94-VFb-500.txt
3,S94-VFb-501.txt
3,S94-VFb-502.txt
3,S94-VFb-503.txt
3,S94-VFb-504.txt
3,S94-VFb-505.txt
3,S94-VFb-506.txt
3,S94-VFb-507.txt
3,S94-VFb-508.txt
3,S94-VFb-509.txt
3,S94-VFb-510.txt
3,S94-VFb-511.txt
3,S94-VFb-512.txt
3,S94-VFb-513.txt
3,S94-VFb-514.txt
3,S94-VFb-515.txt
3,S94-VFb-516.txt
3,S94-VFb-517.txt
3,S94-VFb-518.txt
3,S94-VFb-519.txt
3,S94-VFb-520.txt
3,S94-VFb-521.txt
3,S94-VFb-522.txt
3,S94-VFb-523.txt
3,S94-VFb-524.txt
3,S94-VFb-525.txt
3,S94-VFb-526.txt
3,S94-VFb-527.txt
3,S94-VFb-528.txt
3,S94-VFb-529.txt
5,S79-VPD-1.txt
5,S79-VPD-2.txt
5,S79-VPD-3.txt
5,S79-VPD-4.txt
5,S79-VPD-5.txt
5,S79-VPD-6.txt
5,S79-VPD-7.txt
5,S79-VPD-8.txt
5,S79-VPD-9.txt
5,S79-VPD-10.txt
5,S79-VPD-11.txt
5,S79-VPD-12.txt
5,S79-VPD-13.txt
5,S79-VPD-14.txt
5,S79-VPD-15.txt
5,S79-VPD-16.txt
5,S79-VPD-17.txt
5,S79-VPD-18.txt
5,S79-VPD-19.txt
5,S79-VPD-20.txt
5,S79-VPD-21.txt
5,S79-VPD-22.txt
5,S79-VPD-23.txt
5,S79-VPD-24.txt
5,S79-VPD-25.txt
5,S79-VPD-26.txt
5,S79-VPD-27.txt
5,S79-VPD-28.txt
5,S79-VPD-29.txt
5,S79-VPD-30.txt
5,S79-VPD-31.txt
5,S79-VPD-32.txt
5,S79-VPD-33.txt
5,S79-VPD-34.txt
5,S79-VPD-35.txt
5,S79-VPD-36.txt
5,S79-VPD-37.txt
5,S79-VPD-38.txt
5,S79-VPD-39.txt
5,S79-VPD-40.txt
5,S79-VPD-41.txt
5,S79-VPD-42.txt
5,S79-VPD-43.txt
5,S79-VPD-44.txt
5,S79-VPD-45.txt
5,S79-VPD-46.txt
5,S79-VPD-47.txt
5,S79-VPD-48.txt
5,S79-VPD-49.txt
5,S79-VPD-50.txt
5,S79-VPD-51.txt
5,S79-VPD-52.txt
5,S79-VPD-53.txt
5,S79-VPD-54.txt
5,S79-VPD-55.txt
5,S79-VPD-56.txt
5,S79-VPD-57.txt
5,S79-VPD-58.txt
5,S79-VPD-59.txt
5,S79-VPD-60.txt
5,S79-VPD-61.txt
5,S79-VPD-62.txt
5,S79-VPD-63.txt
5,S79-VPD-64.txt
5,S79-VPD-65.txt
5,S79-VPD-66.txt
5,S79-VPD-67.txt
5,S79-VPD-68.txt
5,S79-VPD-69.txt
5,S79-VPD-70.txt
5,S79-VPD-71.txt
5,S79-VPD-72.txt
5,S79-VPD-73.txt
5,S79-VPD-74.txt
5,S79-VPD-75.txt
5,S79-VPD-76.txt
5,S79-VPD-77.txt
5,S79-VPD-78.txt
5,S79-VPD-79.txt
5,S79-VPD-80.txt
5,S79-VPD-81.txt
5,S79-VPD-82.txt
5,S79-VPD-83.txt
5,S79-VPD-84.txt
5,S79-VPD-85.txt
5,S79-VPD-86.txt
5,S79-VPD-87.txt
5,S79-VPD-88.txt
5,S79-VPD-89.txt
5,S79-VPD-90.txt
5,S79-VPD-91.txt
5,S79-VPD-92.txt
5,S79-VPD-93.txt
5,S79-VPD-94.txt
5,S79-VPD-95.txt
5,S79-VPD-96.txt
5,S79-VPD-97.txt
5,S79-VPD-98.txt
5,S79-VPD-99.txt
5,S79-VPD-100.txt
5,S79-VPD-101.txt
5,S79-VPD-102.txt
5,S79-VPD-103.txt
5,S79-VPD-104.txt
5,S79-VPD-105.txt
5,S79-VPD-106.txt
5,S79-VPD-107.txt
5,S79-VPD-108.txt
5,S79-VPD-109.txt
5,S79-VPD-110.txt
5,S79-VPD-111.txt
5,S79-VPD-112.txt
5,S79-VPD-113.txt
5,S79-VPD-114.txt
5,S79-VPD-115.txt
5,S79-VPD-116.txt
5,S79-VPD-117.txt
5,S79-VPD-118.txt
5,S79-VPD-119.txt
5,S79-VPD-120.txt
5,S79-VPD-121.txt
5,S79-VPD-122.txt
5,S79-VPD-123.txt
5,S79-VPD-124.txt
5,S79-VPD-125.txt
5,S79-VPD-126.txt
5,S79-VPD-127.txt
5,S79-VPD-128.txt
5,S79-VPD-129.txt
2,S56-SVT-63.txt
2,S56-SVT-64.txt
2,S56-SVT-65.txt
2,S56-SVT-66.txt
2,S56-SVT-67.txt
2,S56-SVT-68.txt
2,S56-SVT-69.txt
2,S56-SVT-70.txt
2,S56-SVT-71.txt
2,S56-SVT-72.txt
2,S56-SVT-73.txt
2,S56-SVT-74.txt
2,S56-SVT-75.txt
2,S56-SVT-76.txt
2,S56-SVT-77.txt
2,S56-SVT-78.txt
2,S56-SVT-79.txt
2,S56-SVT-80.txt
2,S56-SVT-81.txt
2,S56-SVT-82.txt
2,S56-SVT-83.txt
2,S56-SVT-84.txt
2,S56-SVT-85.txt
2,S56-SVT-86.txt
2,S56-SVT-87.txt
2,S56-SVT-88.txt
2,S56-SVT-89.txt
2,S56-SVT-90.txt
2,S56-SVT-91.txt
2,S56-SVT-92.txt
2,S56-SVT-93.txt
2,S56-SVT-94.txt
2,S56-SVT-95.txt
2,S56-SVT-96.txt
2,S56-SVT-97.txt
2,S56-SVT-98.txt
2,S56-SVT-99.txt
2,S56-SVT-100.txt
2,S56-SVT-101.txt
2,S56-SVT-102.txt
2,S56-SVT-103.txt
2,S56-SVT-104.txt
2,S56-SVT-105.txt
2,S56-SVT-106.txt
2,S56-SVT-107.txt
2,S56-SVT-108.txt
2,S56-SVT-109.txt
2,S56-SVT-110.txt
2,S56-SVT-111.txt
2,S56-SVT-112.txt
2,S56-SVT-113.txt
2,S56-SVT-114.txt
2,S56-SVT-115.txt
2,S56-SVT-116.txt
2,S56-SVT-117.txt
2,S56-SVT-118.txt
2,S56-SVT-119.txt
2,S56-SVT-120.txt
2,S56-SVT-121.txt
2,S56-SVT-122.txt
2,S56-SVT-123.txt
2,S56-SVT-124.txt
2,S56-SVT-125.txt
2,S56-SVT-126.txt
2,S56-SVT-127.txt
2,S56-SVT-128.txt
2,S56-SVT-129.txt
2,S56-SVT-130.txt
2,S56-SVT-131.txt
2,S56-SVT-132.txt
2,S56-SVT-133.txt
2,S56-SVT-134.txt
2,S56-SVT-135.txt
2,S56-SVT-136.txt
2,S56-SVT-137.txt
2,S56-SVT-138.txt
2,S56-SVT-139.txt
2,S56-SVT-140.txt
2,S56-SVT-141.txt
2,S56-SVT-142.txt
2,S56-SVT-143.txt
2,S56-SVT-144.txt
2,S56-SVT-145.txt
2,S56-SVT-146.txt
2,S56-SVT-147.txt
2,S56-SVT-148.txt
2,S56-SVT-149.txt
2,S56-SVT-150.txt
2,S56-SVT-151.txt
2,S56-SVT-152.txt
2,S56-SVT-153.txt
2,S56-SVT-154.txt
2,S56-SVT-155.txt
2,S56-SVT-156.txt
2,S56-SVT-157.txt
2,S56-SVT-158.txt
2,S56-SVT-159.txt
2,S56-SVT-160.txt
2,S56-SVT-161.txt
2,S56-SVT-162.txt
2,S56-SVT-163.txt
2,S56-SVT-164.txt
2,S56-SVT-165.txt
2,S56-SVT-166.txt
2,S56-SVT-167.txt
2,S56-SVT-168.txt
2,S56-SVT-169.txt
2,S56-SVT-170.txt
2,S56-SVT-171.txt
2,S56-SVT-172.txt
2,S56-SVT-173.txt
2,S56-SVT-174.txt
2,S56-SVT-175.txt
2,S56-SVT-176.txt
2,S56-SVT-177.txt
2,S56-SVT-178.txt
2,S56-SVT-179.txt
2,S56-SVT-180.txt
2,S56-SVT-181.txt
2,S56-SVT-182.txt
2,S56-SVT-183.txt
2,S56-SVT-184.txt
2,S56-SVT-185.txt
2,S56-SVT-186.txt
2,S56-SVT-187.txt
2,S56-SVT-188.txt
2,S56-SVT-189.txt
2,S56-SVT-190.txt
2,S56-SVT-191.txt
2,S56-SVT-192.txt
2,S56-SVT-193.txt
2,S56-SVT-194.txt
2,S56-SVT-195.txt
2,S56-SVT-196.txt
2,S56-SVT-197.txt
2,S56-SVT-198.txt
2,S56-SVT-199.txt
2,S56-SVT-275.txt
2,S56-SVT-276.txt
2,S56-SVT-277.txt
2,S56-SVT-278.txt
2,S56-SVT-279.txt
2,S56-SVT-280.txt
2,S56-SVT-281.txt
2,S56-SVT-282.txt
2,S56-SVT-283.txt
2,S56-SVT-284.txt
2,S56-SVT-285.txt
2,S56-SVT-286.txt
2,S56-SVT-287.txt
2,S56-SVT-288.txt
2,S56-SVT-289.txt
2,S56-SVT-290.txt
2,S56-SVT-291.txt
2,S56-SVT-292.txt
2,S56-SVT-293.txt
2,S56-SVT-294.txt
2,S56-SVT-295.txt
2,S56-SVT-296.txt
2,S56-SVT-297.txt
2,S56-SVT-298.txt
2,S56-SVT-299.txt
2,S56-SVT-300.txt
2,S56-SVT-301.txt
2,S56-SVT-302.txt
2,S56-SVT-303.txt
2,S56-SVT-304.txt
2,S56-SVT-305.txt
2,S56-SVT-306.txt
2,S56-SVT-307.txt
2,S56-SVT-308.txt
2,S56-SVT-309.txt
2,S56-SVT-310.txt
2,S56-SVT-311.txt
2,S56-SVT-312.txt
2,S56-SVT-313.txt
2,S56-SVT-314.txt
2,S56-SVT-315.txt
2,S56-SVT-316.txt
2,S56-SVT-317.txt
2,S56-SVT-318.txt
2,S56-SVT-319.txt
2,S56-SVT-320.txt
2,S56-SVT-321.txt
2,S56-SVT-322.txt
2,S56-SVT-323.txt
2,S56-SVT-324.txt
2,S56-SVT-325.txt
2,S56-SVT-326.txt
2,S56-SVT-327.txt
2,S56-SVT-328.txt
2,S56-SVT-329.txt
2,S56-SVT-330.txt
2,S56-SVT-331.txt
2,S56-SVT-332.txt
2,S56-SVT-333.txt
2,S56-SVT-334.txt
2,S56-SVT-335.txt
2,S56-SVT-336.txt
2,S56-SVT-337.txt
2,S56-SVT-338.txt
2,S56-SVT-339.txt
2,S56-SVT-340.txt
2,S56-SVT-341.txt
2,S56-SVT-342.txt
2,S56-SVT-343.txt
2,S56-SVT-344.txt
2,S56-SVT-345.txt
2,S56-SVT-346.txt
2,S56-SVT-347.txt
2,S56-SVT-348.txt
2,S56-SVT-349.txt
2,S56-SVT-350.txt
2,S56-SVT-351.txt
2,S56-SVT-352.txt
2,S56-SVT-353.txt
2,S56-SVT-354.txt
2,S56-SVT-355.txt
2,S56-SVT-356.txt
2,S56-SVT-357.txt
2,S56-SVT-358.txt
2,S56-SVT-359.txt
2,S56-SVT-360.txt
2,S56-SVT-361.txt
2,S56-SVT-362.txt
2,S56-SVT-363.txt
2,S56-SVT-364.txt
2,S56-SVT-365.txt
2,S56-SVT-366.txt
2,S56-SVT-367.txt
2,S56-SVT-368.txt
2,S56-SVT-369.txt
2,S56-SVT-370.txt
2,S56-SVT-371.txt
2,S56-SVT-372.txt
2,S56-SVT-373.txt
2,S56-SVT-374.txt
2,S56-SVT-375.txt
2,S56-SVT-376.txt
2,S56-SVT-377.txt
2,S56-SVT-378.txt
2,S56-SVT-379.txt
2,S56-SVT-380.txt
2,S56-SVT-381.txt
2,S56-SVT-382.txt
2,S56-SVT-383.txt
2,S56-SVT-384.txt
2,S56-SVT-385.txt
2,S56-SVT-386.txt
2,S56-SVT-387.txt
2,S56-SVT-388.txt
2,S56-SVT-389.txt
2,S56-SVT-390.txt
2,S56-SVT-391.txt
2,S56-SVT-392.txt
2,S56-SVT-393.txt
2,S56-SVT-394.txt
2,S56-SVT-395.txt
2,S56-SVT-396.txt
2,S56-SVT-397.txt
2,S56-SVT-398.txt
2,S56-SVT-399.txt
2,S56-SVT-400.txt
2,S56-SVT-401.txt
2,S56-SVT-402.txt
2,S56-SVT-403.txt
2,S56-SVT-404.txt
2,S56-SVT-405.txt
2,S56-SVT-406.txt
2,S56-SVT-407.txt
2,S56-SVT-408.txt
2,S56-SVT-409.txt
2,S56-SVT-410.txt
2,S56-SVT-411.txt
2,S56-SVT-412.txt
2,S56-SVT-413.txt
2,S56-SVT-414.txt
2,S56-SVT-415.txt
2,S56-SVT-416.txt
2,S56-SVT-417.txt
2,S56-SVT-418.txt
2,S56-SVT-419.txt
2,S56-SVT-420.txt
2,S56-SVT-421.txt
2,S56-SVT-422.txt
2,S56-SVT-423.txt
2,S56-SVT-424.txt
2,S56-SVT-425.txt
2,S56-SVT-426.txt
2,S56-SVT-427.txt
2,S56-SVT-428.txt
2,S56-SVT-429.txt
2,S56-SVT-430.txt
2,S56-SVT-431.txt
2,S56-SVT-432.txt
5,S77-VPD-1.txt
5,S77-VPD-2.txt
5,S77-VPD-3.txt
5,S77-VPD-4.txt
5,S77-VPD-5.txt
5,S77-VPD-6.txt
5,S77-VPD-7.txt
5,S77-VPD-8.txt
5,S77-VPD-9.txt
5,S77-VPD-10.txt
5,S77-VPD-11.txt
5,S77-VPD-12.txt
5,S77-VPD-13.txt
5,S77-VPD-14.txt
5,S77-VPD-15.txt
5,S77-VPD-16.txt
5,S77-VPD-17.txt
5,S77-VPD-18.txt
5,S77-VPD-19.txt
5,S77-VPD-20.txt
5,S77-VPD-21.txt
5,S77-VPD-22.txt
5,S77-VPD-23.txt
5,S77-VPD-24.txt
5,S77-VPD-25.txt
5,S77-VPD-26.txt
5,S77-VPD-27.txt
5,S77-VPD-28.txt
5,S77-VPD-29.txt
5,S77-VPD-30.txt
5,S77-VPD-31.txt
5,S77-VPD-32.txt
5,S77-VPD-33.txt
5,S77-VPD-34.txt
5,S77-VPD-35.txt
5,S77-VPD-36.txt
5,S77-VPD-37.txt
5,S77-VPD-38.txt
5,S77-VPD-39.txt
5,S77-VPD-40.txt
5,S77-VPD-41.txt
5,S77-VPD-42.txt
5,S77-VPD-43.txt
5,S77-VPD-44.txt
5,S77-VPD-45.txt
5,S77-VPD-46.txt
5,S77-VPD-47.txt
5,S77-VPD-48.txt
5,S77-VPD-49.txt
5,S77-VPD-50.txt
5,S77-VPD-51.txt
5,S77-VPD-52.txt
5,S77-VPD-53.txt
5,S77-VPD-54.txt
5,S77-VPD-55.txt
5,S77-VPD-56.txt
5,S77-VPD-57.txt
5,S77-VPD-58.txt
5,S77-VPD-59.txt
5,S77-VPD-60.txt
5,S77-VPD-61.txt
5,S77-VPD-62.txt
5,S77-VPD-63.txt
5,S77-VPD-64.txt
5,S77-VPD-65.txt
5,S77-VPD-66.txt
5,S77-VPD-67.txt
5,S77-VPD-68.txt
5,S77-VPD-69.txt
5,S77-VPD-70.txt
5,S77-VPD-71.txt
5,S77-VPD-72.txt
5,S77-VPD-73.txt
5,S77-VPD-74.txt
5,S77-VPD-75.txt
5,S77-VPD-76.txt
5,S77-VPD-77.txt
5,S77-VPD-78.txt
5,S77-VPD-79.txt
5,S77-VPD-80.txt
5,S77-VPD-81.txt
5,S77-VPD-82.txt
5,S77-VPD-83.txt
5,S77-VPD-84.txt
5,S77-VPD-85.txt
5,S77-VPD-86.txt
5,S77-VPD-87.txt
5,S77-VPD-88.txt
5,S77-VPD-89.txt
5,S77-VPD-90.txt
5,S77-VPD-91.txt
5,S77-VPD-92.txt
5,S77-VPD-93.txt
5,S77-VPD-94.txt
5,S77-VPD-95.txt
5,S77-VPD-96.txt
5,S77-VPD-97.txt
5,S77-VPD-98.txt
3,S13-VFb-28.txt
3,S13-VFb-29.txt
3,S13-VFb-30.txt
3,S13-VFb-31.txt
3,S13-VFb-32.txt
3,S13-VFb-33.txt
3,S13-VFb-34.txt
3,S13-VFb-35.txt
3,S13-VFb-36.txt
3,S13-VFb-37.txt
3,S13-VFb-38.txt
3,S13-VFb-39.txt
3,S13-VFb-40.txt
3,S13-VFb-41.txt
3,S13-VFb-42.txt
3,S44-VFb-254.txt
3,S44-VFb-255.txt
3,S44-VFb-256.txt
3,S44-VFb-257.txt
3,S44-VFb-258.txt
3,S44-VFb-259.txt
3,S44-VFb-260.txt
3,S44-VFb-261.txt
3,S44-VFb-262.txt
3,S44-VFb-263.txt
3,S44-VFb-264.txt
3,S44-VFb-265.txt
3,S44-VFb-266.txt
3,S44-VFb-267.txt
3,S44-VFb-268.txt
3,S44-VFb-269.txt
3,S44-VFb-270.txt
3,S44-VFb-271.txt
3,S44-VFb-272.txt
3,S44-VFb-273.txt
3,S44-VFb-274.txt
3,S44-VFb-275.txt
3,S44-VFb-276.txt
3,S44-VFb-277.txt
3,S44-VFb-278.txt
3,S44-VFb-279.txt
3,S44-VFb-280.txt
3,S44-VFb-281.txt
3,S44-VFb-282.txt
3,S44-VFb-283.txt
3,S44-VFb-284.txt
3,S44-VFb-285.txt
3,S44-VFb-286.txt
3,S44-VFb-287.txt
3,S44-VFb-288.txt
3,S44-VFb-289.txt
3,S44-VFb-290.txt
3,S44-VFb-291.txt
3,S44-VFb-292.txt
3,S44-VFb-293.txt
3,S44-VFb-294.txt
3,S44-VFb-295.txt
3,S44-VFb-296.txt
3,S44-VFb-297.txt
3,S44-VFb-298.txt
3,S44-VFb-299.txt
3,S44-VFb-300.txt
3,S44-VFb-301.txt
3,S44-VFb-302.txt
3,S44-VFb-303.txt
3,S44-VFb-304.txt
3,S44-VFb-305.txt
3,S44-VFb-306.txt
3,S44-VFb-307.txt
3,S44-VFb-308.txt
3,S44-VFb-309.txt
3,S44-VFb-310.txt
3,S44-VFb-311.txt
3,S44-VFb-312.txt
3,S44-VFb-313.txt
3,S44-VFb-314.txt
3,S44-VFb-315.txt
3,S44-VFb-316.txt
3,S44-VFb-317.txt
3,S44-VFb-318.txt
3,S44-VFb-319.txt
3,S44-VFb-320.txt
3,S44-VFb-321.txt
3,S44-VFb-322.txt
3,S44-VFb-323.txt
3,S44-VFb-324.txt
3,S44-VFb-325.txt
3,S44-VFb-326.txt
3,S44-VFb-327.txt
3,S44-VFb-328.txt
3,S44-VFb-329.txt
3,S44-VFb-330.txt
3,S44-VFb-331.txt
3,S44-VFb-332.txt
3,S44-VFb-333.txt
3,S44-VFb-334.txt
3,S44-VFb-335.txt
3,S44-VFb-336.txt
3,S44-VFb-337.txt
3,S44-VFb-338.txt
3,S44-VFb-339.txt
3,S44-VFb-340.txt
3,S44-VFb-341.txt
3,S44-VFb-342.txt
3,S44-VFb-343.txt
3,S44-VFb-344.txt
3,S44-VFb-345.txt
3,S44-VFb-346.txt
3,S44-VFb-347.txt
3,S44-VFb-348.txt
3,S44-VFb-349.txt
3,S44-VFb-350.txt
3,S44-VFb-351.txt
3,S44-VFb-352.txt
3,S44-VFb-353.txt
3,S44-VFb-354.txt
3,S44-VFb-355.txt
3,S44-VFb-356.txt
3,S44-VFb-357.txt
3,S44-VFb-358.txt
3,S44-VFb-359.txt
3,S44-VFb-360.txt
3,S44-VFb-361.txt
3,S44-VFb-362.txt
3,S44-VFb-363.txt
3,S44-VFb-385.txt
3,S44-VFb-386.txt
3,S44-VFb-387.txt
3,S44-VFb-388.txt
3,S44-VFb-389.txt
3,S44-VFb-390.txt
3,S44-VFb-391.txt
3,S44-VFb-392.txt
3,S44-VFb-393.txt
3,S44-VFb-394.txt
3,S44-VFb-395.txt
3,S44-VFb-396.txt
3,S44-VFb-397.txt
3,S44-VFb-398.txt
3,S44-VFb-399.txt
3,S44-VFb-400.txt
3,S44-VFb-401.txt
3,S44-VFb-402.txt
3,S44-VFb-403.txt
3,S44-VFb-404.txt
3,S44-VFb-405.txt
3,S44-VFb-406.txt
3,S44-VFb-407.txt
3,S44-VFb-408.txt
3,S44-VFb-409.txt
3,S44-VFb-410.txt
3,S44-VFb-411.txt
3,S44-VFb-412.txt
3,S44-VFb-413.txt
3,S44-VFb-414.txt
3,S44-VFb-415.txt
3,S44-VFb-416.txt
3,S44-VFb-417.txt
3,S44-VFb-418.txt
3,S44-VFb-419.txt
3,S44-VFb-420.txt
3,S44-VFb-421.txt
3,S44-VFb-422.txt
3,S44-VFb-423.txt
3,S44-VFb-424.txt
3,S44-VFb-425.txt
3,S44-VFb-426.txt
3,S44-VFb-427.txt
3,S44-VFb-428.txt
3,S44-VFb-429.txt
3,S44-VFb-430.txt
3,S44-VFb-431.txt
3,S44-VFb-432.txt
3,S44-VFb-433.txt
3,S44-VFb-434.txt
3,S44-VFb-435.txt
3,S44-VFb-436.txt
3,S44-VFb-437.txt
3,S44-VFb-438.txt
3,S44-VFb-439.txt
3,S40-VFb-138.txt
3,S40-VFb-139.txt
3,S40-VFb-140.txt
3,S40-VFb-141.txt
3,S40-VFb-142.txt
3,S40-VFb-143.txt
3,S40-VFb-144.txt
3,S40-VFb-145.txt
3,S40-VFb-146.txt
3,S40-VFb-147.txt
3,S40-VFb-148.txt
3,S40-VFb-149.txt
3,S40-VFb-150.txt
3,S40-VFb-151.txt
3,S40-VFb-152.txt
3,S40-VFb-153.txt
3,S40-VFb-154.txt
3,S40-VFb-155.txt
3,S40-VFb-156.txt
3,S40-VFb-157.txt
3,S40-VFb-158.txt
3,S40-VFb-159.txt
3,S40-VFb-160.txt
3,S40-VFb-161.txt
3,S40-VFb-162.txt
3,S40-VFb-163.txt
3,S40-VFb-164.txt
3,S40-VFb-165.txt
3,S40-VFb-166.txt
3,S40-VFb-167.txt
3,S40-VFb-168.txt
3,S40-VFb-169.txt
3,S40-VFb-170.txt
3,S40-VFb-171.txt
3,S40-VFb-172.txt
3,S40-VFb-173.txt
3,S40-VFb-174.txt
3,S40-VFb-175.txt
3,S40-VFb-176.txt
3,S40-VFb-177.txt
3,S40-VFb-178.txt
3,S40-VFb-179.txt
3,S40-VFb-180.txt
3,S40-VFb-181.txt
3,S40-VFb-182.txt
3,S40-VFb-183.txt
3,S40-VFb-184.txt
3,S40-VFb-185.txt
3,S40-VFb-186.txt
3,S40-VFb-187.txt
3,S40-VFb-188.txt
0,S40-AFb-189.txt
0,S40-AFb-190.txt
0,S40-AFb-191.txt
0,S40-AFb-192.txt
0,S40-AFb-193.txt
0,S40-AFb-194.txt
0,S40-AFb-195.txt
0,S40-AFb-196.txt
0,S40-AFb-197.txt
0,S40-AFb-198.txt
0,S40-AFb-199.txt
0,S40-AFb-200.txt
0,S40-AFb-201.txt
0,S40-AFb-202.txt
0,S40-AFb-203.txt
0,S40-AFb-204.txt
0,S40-AFb-205.txt
0,S40-AFb-206.txt
0,S40-AFb-207.txt
0,S40-AFb-208.txt
0,S40-AFb-209.txt
0,S40-AFb-210.txt
0,S40-AFb-211.txt
0,S40-AFb-212.txt
0,S40-AFb-213.txt
0,S40-AFb-214.txt
0,S40-AFb-215.txt
0,S40-AFb-216.txt
0,S40-AFb-217.txt
0,S40-AFb-218.txt
0,S40-AFb-219.txt
0,S40-AFb-220.txt
0,S40-AFb-221.txt
0,S40-AFb-222.txt
0,S40-AFb-223.txt
0,S40-AFb-224.txt
0,S40-AFb-225.txt
0,S40-AFb-226.txt
2,S17-SVT-99.txt
2,S17-SVT-100.txt
2,S17-SVT-101.txt
2,S17-SVT-102.txt
2,S17-SVT-103.txt
2,S17-SVT-104.txt
2,S17-SVT-105.txt
2,S17-SVT-106.txt
2,S17-SVT-107.txt
2,S17-SVT-108.txt
2,S17-SVT-109.txt
2,S17-SVT-110.txt
2,S17-SVT-111.txt
2,S17-SVT-112.txt
2,S17-SVT-113.txt
2,S17-SVT-114.txt
2,S17-SVT-115.txt
2,S17-SVT-116.txt
2,S17-SVT-117.txt
2,S17-SVT-118.txt
2,S17-SVT-119.txt
2,S17-SVT-120.txt
2,S17-SVT-121.txt
2,S17-SVT-122.txt
2,S17-SVT-123.txt
2,S17-SVT-124.txt
2,S17-SVT-125.txt
2,S17-SVT-126.txt
2,S17-SVT-127.txt
2,S17-SVT-128.txt
2,S17-SVT-129.txt
2,S17-SVT-130.txt
2,S17-SVT-131.txt
2,S17-SVT-132.txt
2,S17-SVT-133.txt
2,S17-SVT-134.txt
2,S17-SVT-135.txt
2,S17-SVT-136.txt
2,S17-SVT-137.txt
2,S17-SVT-138.txt
2,S17-SVT-139.txt
2,S17-SVT-140.txt
2,S17-SVT-141.txt
2,S17-SVT-142.txt
2,S17-SVT-143.txt
2,S17-SVT-144.txt
2,S17-SVT-145.txt
2,S17-SVT-146.txt
2,S17-SVT-147.txt
2,S17-SVT-148.txt
2,S17-SVT-149.txt
2,S17-SVT-150.txt
2,S17-SVT-151.txt
2,S17-SVT-152.txt
2,S17-SVT-153.txt
2,S17-SVT-154.txt
2,S17-SVT-155.txt
2,S17-SVT-156.txt
2,S17-SVT-157.txt
2,S17-SVT-158.txt
2,S17-SVT-159.txt
2,S17-SVT-160.txt
2,S17-SVT-161.txt
2,S17-SVT-162.txt
2,S17-SVT-163.txt
2,S17-SVT-164.txt
2,S17-SVT-165.txt
2,S17-SVT-166.txt
2,S17-SVT-167.txt
2,S17-SVT-168.txt
2,S17-SVT-169.txt
2,S17-SVT-170.txt
2,S17-SVT-171.txt
2,S17-SVT-172.txt
2,S17-SVT-173.txt
2,S17-SVT-174.txt
2,S17-SVT-175.txt
2,S17-SVT-176.txt
2,S17-SVT-177.txt
2,S17-SVT-178.txt
2,S17-SVT-179.txt
2,S17-SVT-180.txt
2,S17-SVT-181.txt
2,S17-SVT-182.txt
2,S17-SVT-183.txt
2,S17-SVT-184.txt
2,S17-SVT-185.txt
2,S17-SVT-186.txt
2,S17-SVT-187.txt
2,S17-SVT-188.txt
2,S17-SVT-189.txt
2,S17-SVT-190.txt
2,S17-SVT-191.txt
2,S17-SVT-192.txt
2,S17-SVT-193.txt
2,S17-SVT-194.txt
2,S17-SVT-195.txt
2,S17-SVT-196.txt
2,S17-SVT-197.txt
2,S17-SVT-198.txt
2,S17-SVT-199.txt
2,S17-SVT-200.txt
2,S17-SVT-201.txt
2,S17-SVT-202.txt
2,S17-SVT-203.txt
2,S17-SVT-204.txt
2,S17-SVT-205.txt
2,S17-SVT-206.txt
2,S17-SVT-207.txt
2,S17-SVT-208.txt
2,S17-SVT-209.txt
2,S17-SVT-210.txt
2,S17-SVT-211.txt
2,S17-SVT-212.txt
2,S17-SVT-213.txt
2,S17-SVT-214.txt
2,S17-SVT-215.txt
2,S17-SVT-216.txt
2,S17-SVT-217.txt
2,S17-SVT-218.txt
2,S17-SVT-219.txt
2,S17-SVT-220.txt
2,S17-SVT-221.txt
2,S17-SVT-222.txt
2,S17-SVT-223.txt
2,S17-SVT-224.txt
2,S17-SVT-225.txt
2,S17-SVT-226.txt
2,S17-SVT-227.txt
2,S17-SVT-228.txt
2,S17-SVT-229.txt
2,S17-SVT-230.txt
2,S17-SVT-231.txt
2,S17-SVT-232.txt
2,S17-SVT-233.txt
2,S17-SVT-234.txt
2,S17-SVT-235.txt
2,S17-SVT-236.txt
2,S17-SVT-237.txt
3,S53-VFb-136.txt
3,S53-VFb-137.txt
3,S53-VFb-138.txt
3,S53-VFb-139.txt
3,S53-VFb-140.txt
3,S53-VFb-141.txt
3,S53-VFb-142.txt
3,S53-VFb-143.txt
3,S53-VFb-144.txt
3,S53-VFb-145.txt
3,S53-VFb-146.txt
3,S53-VFb-147.txt
3,S53-VFb-148.txt
3,S53-VFb-149.txt
3,S53-VFb-150.txt
3,S53-VFb-151.txt
3,S53-VFb-152.txt
3,S53-VFb-153.txt
3,S53-VFb-154.txt
3,S53-VFb-155.txt
3,S53-VFb-156.txt
3,S53-VFb-157.txt
3,S53-VFb-158.txt
3,S53-VFb-159.txt
3,S53-VFb-160.txt
3,S53-VFb-161.txt
3,S53-VFb-162.txt
3,S53-VFb-163.txt
3,S53-VFb-164.txt
3,S53-VFb-165.txt
3,S53-VFb-166.txt
3,S53-VFb-167.txt
3,S53-VFb-168.txt
3,S53-VFb-169.txt
3,S53-VFb-170.txt
3,S53-VFb-171.txt
3,S53-VFb-172.txt
3,S53-VFb-173.txt
3,S53-VFb-174.txt
3,S53-VFb-175.txt
3,S53-VFb-176.txt
3,S53-VFb-177.txt
3,S53-VFb-178.txt
3,S53-VFb-179.txt
3,S53-VFb-184.txt
3,S53-VFb-185.txt
3,S53-VFb-186.txt
3,S53-VFb-187.txt
3,S53-VFb-188.txt
3,S53-VFb-189.txt
3,S53-VFb-190.txt
3,S53-VFb-191.txt
3,S53-VFb-192.txt
3,S53-VFb-193.txt
3,S53-VFb-194.txt
3,S53-VFb-195.txt
3,S53-VFb-196.txt
3,S53-VFb-197.txt
3,S53-VFb-198.txt
3,S53-VFb-199.txt
3,S53-VFb-200.txt
3,S53-VFb-201.txt
3,S53-VFb-202.txt
3,S53-VFb-203.txt
3,S53-VFb-204.txt
3,S53-VFb-205.txt
3,S53-VFb-206.txt
3,S53-VFb-207.txt
3,S53-VFb-208.txt
3,S53-VFb-209.txt
3,S53-VFb-210.txt
3,S53-VFb-211.txt
3,S53-VFb-212.txt
3,S53-VFb-213.txt
3,S53-VFb-214.txt
3,S53-VFb-215.txt
3,S53-VFb-216.txt
3,S53-VFb-217.txt
3,S53-VFb-218.txt
3,S53-VFb-219.txt
3,S53-VFb-220.txt
3,S53-VFb-221.txt
3,S53-VFb-222.txt
3,S53-VFb-223.txt
3,S53-VFb-224.txt
3,S53-VFb-225.txt
3,S53-VFb-226.txt
3,S53-VFb-227.txt
3,S53-VFb-228.txt
3,S53-VFb-229.txt
3,S53-VFb-230.txt
3,S53-VFb-231.txt
3,S53-VFb-232.txt
3,S53-VFb-233.txt
3,S53-VFb-234.txt
3,S53-VFb-235.txt
3,S53-VFb-236.txt
3,S53-VFb-237.txt
3,S53-VFb-238.txt
3,S53-VFb-239.txt
3,S53-VFb-240.txt
3,S53-VFb-241.txt
3,S53-VFb-242.txt
3,S53-VFb-243.txt
3,S53-VFb-244.txt
3,S53-VFb-245.txt
3,S53-VFb-246.txt
3,S53-VFb-247.txt
3,S53-VFb-248.txt
3,S53-VFb-249.txt
3,S53-VFb-250.txt
3,S53-VFb-251.txt
3,S53-VFb-252.txt
3,S53-VFb-253.txt
5,S49-VPD-1.txt
5,S49-VPD-2.txt
5,S49-VPD-3.txt
5,S49-VPD-4.txt
5,S49-VPD-5.txt
5,S49-VPD-6.txt
5,S49-VPD-7.txt
5,S49-VPD-8.txt
5,S49-VPD-9.txt
5,S49-VPD-10.txt
5,S49-VPD-11.txt
5,S49-VPD-12.txt
5,S49-VPD-13.txt
5,S49-VPD-14.txt
5,S49-VPD-15.txt
5,S49-VPD-16.txt
5,S49-VPD-17.txt
5,S49-VPD-18.txt
5,S49-VPD-19.txt
5,S49-VPD-20.txt
5,S49-VPD-21.txt
5,S49-VPD-22.txt
5,S49-VPD-23.txt
5,S49-VPD-24.txt
5,S49-VPD-25.txt
5,S49-VPD-26.txt
5,S49-VPD-27.txt
5,S49-VPD-28.txt
5,S49-VPD-29.txt
5,S49-VPD-30.txt
5,S49-VPD-31.txt
5,S49-VPD-32.txt
5,S49-VPD-33.txt
5,S49-VPD-34.txt
5,S49-VPD-35.txt
5,S49-VPD-36.txt
5,S49-VPD-37.txt
5,S49-VPD-38.txt
5,S49-VPD-39.txt
5,S49-VPD-40.txt
5,S49-VPD-41.txt
5,S49-VPD-42.txt
5,S49-VPD-43.txt
5,S49-VPD-44.txt
5,S49-VPD-45.txt
5,S49-VPD-46.txt
5,S49-VPD-47.txt
5,S49-VPD-48.txt
5,S49-VPD-49.txt
5,S49-VPD-50.txt
5,S49-VPD-51.txt
5,S49-VPD-52.txt
5,S49-VPD-53.txt
5,S49-VPD-54.txt
5,S49-VPD-55.txt
5,S49-VPD-56.txt
5,S49-VPD-57.txt
5,S49-VPD-58.txt
5,S49-VPD-59.txt
5,S49-VPD-60.txt
5,S49-VPD-61.txt
5,S49-VPD-62.txt
5,S49-VPD-63.txt
5,S49-VPD-64.txt
5,S49-VPD-65.txt
5,S49-VPD-66.txt
5,S49-VPD-67.txt
5,S49-VPD-68.txt
5,S49-VPD-69.txt
5,S49-VPD-70.txt
5,S49-VPD-71.txt
5,S49-VPD-72.txt
5,S49-VPD-73.txt
5,S49-VPD-74.txt
5,S49-VPD-75.txt
5,S49-VPD-76.txt
5,S49-VPD-77.txt
5,S49-VPD-78.txt
5,S49-VPD-79.txt
5,S49-VPD-80.txt
5,S49-VPD-81.txt
5,S49-VPD-82.txt
5,S49-VPD-83.txt
5,S49-VPD-84.txt
5,S49-VPD-85.txt
5,S49-VPD-86.txt
5,S49-VPD-87.txt
5,S49-VPD-88.txt
5,S49-VPD-89.txt
5,S49-VPD-90.txt
5,S49-VPD-91.txt
5,S49-VPD-92.txt
5,S49-VPD-93.txt
5,S49-VPD-94.txt
5,S49-VPD-95.txt
5,S49-VPD-96.txt
2,S37-SVT-116.txt
2,S37-SVT-117.txt
2,S37-SVT-118.txt
2,S37-SVT-119.txt
2,S37-SVT-120.txt
2,S37-SVT-121.txt
2,S37-SVT-122.txt
2,S37-SVT-123.txt
2,S37-SVT-124.txt
2,S37-SVT-125.txt
2,S37-SVT-126.txt
2,S37-SVT-127.txt
2,S37-SVT-128.txt
2,S37-SVT-129.txt
2,S37-SVT-130.txt
2,S37-SVT-131.txt
2,S37-SVT-132.txt
2,S37-SVT-133.txt
2,S37-SVT-134.txt
2,S37-SVT-135.txt
2,S37-SVT-136.txt
2,S37-SVT-137.txt
2,S37-SVT-138.txt
2,S37-SVT-139.txt
2,S37-SVT-140.txt
2,S37-SVT-141.txt
2,S37-SVT-142.txt
2,S37-SVT-143.txt
2,S37-SVT-144.txt
2,S37-SVT-145.txt
2,S37-SVT-146.txt
2,S37-SVT-147.txt
2,S37-SVT-148.txt
2,S37-SVT-149.txt
2,S37-SVT-150.txt
2,S37-SVT-151.txt
2,S37-SVT-152.txt
2,S37-SVT-153.txt
2,S37-SVT-154.txt
2,S37-SVT-155.txt
2,S37-SVT-156.txt
2,S37-SVT-157.txt
2,S37-SVT-158.txt
2,S37-SVT-159.txt
2,S37-SVT-160.txt
2,S37-SVT-161.txt
2,S37-SVT-162.txt
2,S37-SVT-163.txt
2,S37-SVT-164.txt
2,S37-SVT-165.txt
2,S37-SVT-166.txt
2,S37-SVT-167.txt
2,S37-SVT-168.txt
2,S37-SVT-169.txt
2,S37-SVT-170.txt
2,S37-SVT-171.txt
2,S37-SVT-172.txt
2,S37-SVT-173.txt
2,S37-SVT-174.txt
2,S37-SVT-175.txt
2,S37-SVT-176.txt
2,S37-SVT-177.txt
2,S37-SVT-178.txt
2,S37-SVT-179.txt
2,S37-SVT-180.txt
2,S37-SVT-181.txt
2,S37-SVT-182.txt
2,S37-SVT-183.txt
2,S37-SVT-184.txt
2,S37-SVT-185.txt
2,S37-SVT-186.txt
2,S37-SVT-187.txt
2,S37-SVT-188.txt
2,S37-SVT-189.txt
2,S37-SVT-190.txt
2,S37-SVT-191.txt
2,S37-SVT-192.txt
2,S37-SVT-193.txt
2,S37-SVT-194.txt
2,S37-SVT-195.txt
2,S37-SVT-196.txt
2,S37-SVT-197.txt
2,S37-SVT-198.txt
2,S37-SVT-199.txt
2,S37-SVT-200.txt
2,S37-SVT-201.txt
2,S37-SVT-202.txt
2,S37-SVT-203.txt
2,S37-SVT-204.txt
2,S37-SVT-205.txt
2,S37-SVT-206.txt
2,S37-SVT-207.txt
2,S37-SVT-208.txt
2,S37-SVT-209.txt
2,S37-SVT-210.txt
2,S37-SVT-211.txt
2,S37-SVT-212.txt
2,S37-SVT-213.txt
2,S37-SVT-214.txt
2,S37-SVT-215.txt
2,S37-SVT-216.txt
2,S37-SVT-217.txt
2,S37-SVT-218.txt
2,S37-SVT-219.txt
2,S37-SVT-220.txt
2,S37-SVT-221.txt
2,S37-SVT-222.txt
2,S37-SVT-223.txt
2,S37-SVT-224.txt
2,S37-SVT-225.txt
2,S37-SVT-226.txt
2,S37-SVT-227.txt
2,S37-SVT-228.txt
2,S37-SVT-229.txt
2,S37-SVT-230.txt
2,S37-SVT-231.txt
2,S37-SVT-232.txt
2,S37-SVT-233.txt
2,S37-SVT-234.txt
2,S37-SVT-235.txt
2,S37-SVT-236.txt
2,S37-SVT-237.txt
2,S37-SVT-238.txt
2,S37-SVT-239.txt
2,S37-SVT-240.txt
2,S37-SVT-241.txt
2,S37-SVT-242.txt
2,S37-SVT-243.txt
2,S37-SVT-244.txt
2,S37-SVT-245.txt
2,S37-SVT-246.txt
2,S37-SVT-247.txt
2,S37-SVT-248.txt
2,S37-SVT-249.txt
2,S37-SVT-250.txt
2,S37-SVT-251.txt
2,S37-SVT-252.txt
2,S37-SVT-253.txt
2,S37-SVT-254.txt
2,S37-SVT-255.txt
2,S37-SVT-256.txt
2,S37-SVT-257.txt
2,S37-SVT-258.txt
2,S37-SVT-259.txt
2,S37-SVT-260.txt
2,S37-SVT-261.txt
2,S37-SVT-262.txt
3,S16-VFb-100.txt
3,S16-VFb-101.txt
3,S16-VFb-102.txt
3,S16-VFb-103.txt
3,S16-VFb-104.txt
3,S16-VFb-105.txt
3,S16-VFb-106.txt
3,S16-VFb-107.txt
0,S90-AFb-187.txt
0,S90-AFb-188.txt
0,S90-AFb-189.txt
0,S90-AFb-190.txt
0,S90-AFb-191.txt
0,S90-AFb-192.txt
0,S90-AFb-193.txt
0,S90-AFb-194.txt
0,S90-AFb-195.txt
0,S90-AFb-196.txt
0,S90-AFb-197.txt
0,S90-AFb-198.txt
0,S90-AFb-199.txt
0,S90-AFb-200.txt
0,S90-AFb-201.txt
0,S90-AFb-202.txt
0,S90-AFb-203.txt
0,S90-AFb-204.txt
0,S90-AFb-205.txt
0,S90-AFb-206.txt
0,S90-AFb-207.txt
0,S90-AFb-208.txt
0,S90-AFb-209.txt
0,S90-AFb-210.txt
0,S90-AFb-211.txt
0,S90-AFb-212.txt
0,S90-AFb-213.txt
0,S90-AFb-214.txt
0,S90-AFb-215.txt
0,S90-AFb-216.txt
0,S90-AFb-217.txt
0,S90-AFb-218.txt
0,S90-AFb-219.txt
0,S90-AFb-220.txt
0,S90-AFb-221.txt
0,S90-AFb-222.txt
0,S90-AFb-223.txt
0,S90-AFb-224.txt
0,S90-AFb-225.txt
0,S90-AFb-226.txt
0,S90-AFb-227.txt
0,S90-AFb-228.txt
0,S90-AFb-229.txt
0,S90-AFb-230.txt
0,S90-AFb-231.txt
0,S90-AFb-232.txt
0,S90-AFb-233.txt
0,S90-AFb-234.txt
0,S90-AFb-235.txt
0,S90-AFb-236.txt
0,S90-AFb-237.txt
0,S90-AFb-238.txt
0,S90-AFb-239.txt
0,S90-AFb-240.txt
0,S90-AFb-241.txt
0,S90-AFb-242.txt
0,S90-AFb-243.txt
0,S90-AFb-244.txt
0,S90-AFb-245.txt
0,S90-AFb-246.txt
0,S90-AFb-247.txt
0,S90-AFb-248.txt
0,S90-AFb-249.txt
0,S90-AFb-250.txt
0,S90-AFb-251.txt
0,S90-AFb-252.txt
0,S90-AFb-253.txt
0,S90-AFb-254.txt
0,S90-AFb-255.txt
0,S90-AFb-256.txt
0,S90-AFb-257.txt
0,S90-AFb-258.txt
0,S90-AFb-259.txt
0,S90-AFb-260.txt
0,S90-AFb-261.txt
0,S90-AFb-262.txt
0,S90-AFb-263.txt
0,S90-AFb-264.txt
0,S90-AFb-265.txt
0,S90-AFb-266.txt
0,S90-AFb-267.txt
0,S90-AFb-268.txt
0,S90-AFb-269.txt
0,S90-AFb-270.txt
0,S90-AFb-271.txt
0,S90-AFb-272.txt
0,S90-AFb-273.txt
0,S90-AFb-274.txt
0,S90-AFb-275.txt
0,S90-AFb-276.txt
0,S90-AFb-277.txt
0,S90-AFb-278.txt
0,S90-AFb-279.txt
0,S90-AFb-280.txt
0,S90-AFb-281.txt
0,S90-AFb-282.txt
0,S90-AFb-283.txt
0,S90-AFb-284.txt
0,S90-AFb-285.txt
0,S90-AFb-286.txt
0,S90-AFb-287.txt
0,S90-AFb-288.txt
0,S90-AFb-289.txt
5,S90-VPD-1.txt
5,S90-VPD-2.txt
5,S90-VPD-3.txt
5,S90-VPD-4.txt
5,S90-VPD-5.txt
5,S90-VPD-6.txt
5,S90-VPD-7.txt
5,S90-VPD-8.txt
5,S90-VPD-9.txt
5,S90-VPD-10.txt
5,S90-VPD-11.txt
5,S90-VPD-12.txt
5,S90-VPD-13.txt
5,S90-VPD-14.txt
5,S90-VPD-15.txt
5,S90-VPD-16.txt
5,S90-VPD-17.txt
5,S90-VPD-18.txt
5,S90-VPD-19.txt
5,S90-VPD-20.txt
5,S90-VPD-21.txt
5,S90-VPD-22.txt
5,S90-VPD-23.txt
5,S90-VPD-24.txt
5,S90-VPD-25.txt
5,S90-VPD-26.txt
5,S90-VPD-27.txt
5,S90-VPD-28.txt
5,S90-VPD-29.txt
5,S90-VPD-30.txt
5,S90-VPD-31.txt
5,S90-VPD-32.txt
5,S90-VPD-33.txt
5,S90-VPD-34.txt
5,S90-VPD-35.txt
5,S90-VPD-36.txt
5,S90-VPD-37.txt
5,S90-VPD-38.txt
5,S90-VPD-39.txt
5,S90-VPD-40.txt
5,S90-VPD-41.txt
5,S90-VPD-42.txt
5,S90-VPD-43.txt
5,S90-VPD-44.txt
5,S90-VPD-45.txt
5,S90-VPD-46.txt
5,S90-VPD-47.txt
5,S90-VPD-48.txt
5,S90-VPD-49.txt
5,S90-VPD-50.txt
5,S90-VPD-51.txt
5,S90-VPD-52.txt
5,S90-VPD-53.txt
5,S90-VPD-54.txt
5,S90-VPD-55.txt
5,S90-VPD-56.txt
5,S90-VPD-57.txt
5,S90-VPD-58.txt
5,S90-VPD-59.txt
5,S90-VPD-60.txt
5,S90-VPD-61.txt
5,S90-VPD-62.txt
5,S90-VPD-63.txt
5,S90-VPD-64.txt
5,S90-VPD-65.txt
5,S90-VPD-66.txt
5,S90-VPD-67.txt
5,S90-VPD-68.txt
5,S90-VPD-69.txt
5,S90-VPD-70.txt
5,S90-VPD-71.txt
5,S90-VPD-72.txt
5,S90-VPD-73.txt
5,S90-VPD-74.txt
5,S90-VPD-75.txt
5,S90-VPD-76.txt
5,S90-VPD-77.txt
5,S90-VPD-78.txt
5,S90-VPD-79.txt
5,S90-VPD-80.txt
5,S90-VPD-81.txt
5,S90-VPD-82.txt
5,S90-VPD-83.txt
5,S90-VPD-84.txt
5,S90-VPD-85.txt
5,S90-VPD-86.txt
5,S90-VPD-87.txt
5,S90-VPD-88.txt
5,S90-VPD-89.txt
5,S90-VPD-90.txt
5,S90-VPD-91.txt
5,S90-VPD-92.txt
5,S90-VPD-93.txt
5,S90-VPD-94.txt
5,S90-VPD-95.txt
5,S90-VPD-96.txt
5,S90-VPD-97.txt
5,S90-VPD-98.txt
5,S90-VPD-99.txt
5,S90-VPD-100.txt
5,S90-VPD-101.txt
5,S90-VPD-102.txt
5,S90-VPD-103.txt
5,S90-VPD-104.txt
5,S90-VPD-105.txt
5,S90-VPD-106.txt
5,S90-VPD-107.txt
5,S90-VPD-108.txt
5,S90-VPD-109.txt
5,S90-VPD-110.txt
5,S90-VPD-111.txt
5,S90-VPD-112.txt
5,S90-VPD-113.txt
5,S90-VPD-114.txt
5,S90-VPD-115.txt
5,S90-VPD-116.txt
5,S90-VPD-117.txt
5,S90-VPD-118.txt
5,S90-VPD-119.txt
5,S90-VPD-120.txt
5,S90-VPD-121.txt
5,S90-VPD-122.txt
5,S90-VPD-123.txt
5,S90-VPD-124.txt
5,S90-VPD-125.txt
5,S90-VPD-126.txt
5,S90-VPD-127.txt
5,S90-VPD-128.txt
5,S90-VPD-129.txt
5,S90-VPD-130.txt
1,S31-AFt-168.txt
1,S31-AFt-169.txt
1,S31-AFt-170.txt
1,S31-AFt-171.txt
1,S31-AFt-172.txt
1,S31-AFt-173.txt
1,S31-AFt-174.txt
1,S31-AFt-175.txt
1,S31-AFt-176.txt
1,S31-AFt-177.txt
1,S31-AFt-178.txt
1,S31-AFt-179.txt
1,S31-AFt-180.txt
1,S31-AFt-181.txt
1,S31-AFt-182.txt
1,S31-AFt-183.txt
1,S31-AFt-184.txt
1,S31-AFt-185.txt
1,S31-AFt-186.txt
1,S31-AFt-187.txt
1,S31-AFt-188.txt
1,S31-AFt-189.txt
1,S31-AFt-190.txt
1,S31-AFt-191.txt
1,S31-AFt-192.txt
1,S31-AFt-193.txt
1,S31-AFt-194.txt
1,S31-AFt-195.txt
1,S31-AFt-196.txt
1,S31-AFt-197.txt
1,S31-AFt-198.txt
1,S31-AFt-199.txt
1,S31-AFt-200.txt
1,S31-AFt-201.txt
1,S31-AFt-202.txt
1,S31-AFt-203.txt
1,S31-AFt-204.txt
1,S31-AFt-205.txt
1,S31-AFt-206.txt
1,S31-AFt-207.txt
1,S91-AFt-120.txt
1,S91-AFt-121.txt
1,S91-AFt-122.txt
1,S91-AFt-123.txt
1,S91-AFt-124.txt
1,S91-AFt-125.txt
1,S91-AFt-126.txt
1,S91-AFt-127.txt
1,S91-AFt-128.txt
1,S91-AFt-129.txt
1,S91-AFt-130.txt
1,S91-AFt-131.txt
1,S91-AFt-132.txt
1,S91-AFt-133.txt
1,S91-AFt-134.txt
1,S91-AFt-135.txt
1,S91-AFt-136.txt
1,S91-AFt-137.txt
1,S91-AFt-138.txt
1,S91-AFt-139.txt
1,S91-AFt-140.txt
1,S91-AFt-141.txt
1,S91-AFt-142.txt
1,S91-AFt-143.txt
1,S91-AFt-144.txt
1,S91-AFt-145.txt
1,S91-AFt-146.txt
1,S91-AFt-147.txt
1,S91-AFt-148.txt
1,S91-AFt-149.txt
1,S91-AFt-150.txt
1,S91-AFt-151.txt
1,S91-AFt-152.txt
1,S91-AFt-153.txt
1,S91-AFt-154.txt
1,S91-AFt-155.txt
1,S91-AFt-156.txt
1,S91-AFt-157.txt
1,S91-AFt-158.txt
1,S91-AFt-159.txt
1,S91-AFt-160.txt
1,S91-AFt-161.txt
1,S91-AFt-162.txt
1,S91-AFt-163.txt
1,S91-AFt-164.txt
1,S91-AFt-165.txt
1,S91-AFt-166.txt
1,S91-AFt-167.txt
1,S91-AFt-168.txt
1,S91-AFt-169.txt
1,S91-AFt-170.txt
1,S91-AFt-171.txt
1,S91-AFt-172.txt
1,S91-AFt-173.txt
1,S91-AFt-174.txt
1,S91-AFt-175.txt
1,S91-AFt-176.txt
1,S91-AFt-177.txt
1,S91-AFt-178.txt
1,S91-AFt-179.txt
1,S91-AFt-180.txt
1,S91-AFt-181.txt
1,S91-AFt-182.txt
1,S91-AFt-183.txt
1,S91-AFt-184.txt
1,S91-AFt-185.txt
1,S91-AFt-186.txt
1,S91-AFt-187.txt
1,S91-AFt-188.txt
1,S91-AFt-189.txt
1,S91-AFt-190.txt
1,S91-AFt-191.txt
1,S91-AFt-192.txt
1,S91-AFt-193.txt
1,S91-AFt-194.txt
1,S91-AFt-195.txt
1,S91-AFt-196.txt
1,S91-AFt-197.txt
1,S91-AFt-198.txt
1,S91-AFt-199.txt
1,S91-AFt-200.txt
1,S91-AFt-201.txt
1,S91-AFt-202.txt
1,S91-AFt-203.txt
1,S91-AFt-204.txt
1,S91-AFt-205.txt
1,S91-AFt-206.txt
1,S91-AFt-207.txt
1,S91-AFt-208.txt
1,S91-AFt-209.txt
1,S91-AFt-210.txt
1,S91-AFt-211.txt
1,S91-AFt-212.txt
1,S91-AFt-213.txt
1,S91-AFt-214.txt
1,S91-AFt-215.txt
1,S91-AFt-216.txt
1,S91-AFt-217.txt
1,S91-AFt-218.txt
1,S91-AFt-219.txt
1,S91-AFt-220.txt
1,S91-AFt-221.txt
1,S91-AFt-222.txt
1,S91-AFt-223.txt
1,S91-AFt-224.txt
1,S91-AFt-225.txt
1,S91-AFt-226.txt
1,S91-AFt-227.txt
1,S91-AFt-228.txt
1,S91-AFt-229.txt
1,S91-AFt-230.txt
1,S91-AFt-231.txt
1,S91-AFt-232.txt
1,S91-AFt-233.txt
1,S91-AFt-234.txt
1,S91-AFt-235.txt
1,S91-AFt-236.txt
1,S91-AFt-237.txt
1,S91-AFt-238.txt
1,S91-AFt-239.txt
1,S91-AFt-240.txt
1,S91-AFt-241.txt
1,S91-AFt-242.txt
1,S91-AFt-243.txt
1,S91-AFt-244.txt
1,S91-AFt-245.txt
1,S91-AFt-246.txt
1,S91-AFt-247.txt
1,S91-AFt-248.txt
1,S91-AFt-249.txt
1,S91-AFt-250.txt
1,S91-AFt-251.txt
1,S91-AFt-252.txt
1,S91-AFt-253.txt
1,S91-AFt-254.txt
1,S91-AFt-255.txt
1,S91-AFt-256.txt
1,S91-AFt-257.txt
1,S91-AFt-258.txt
1,S91-AFt-259.txt
1,S91-AFt-260.txt
1,S91-AFt-261.txt
1,S91-AFt-262.txt
1,S91-AFt-263.txt
1,S91-AFt-264.txt
1,S91-AFt-265.txt
1,S91-AFt-266.txt
1,S91-AFt-267.txt
1,S91-AFt-268.txt
1,S91-AFt-269.txt
1,S91-AFt-270.txt
1,S91-AFt-271.txt
1,S91-AFt-272.txt
1,S91-AFt-273.txt
1,S91-AFt-274.txt
1,S91-AFt-275.txt
1,S91-AFt-276.txt
1,S91-AFt-277.txt
1,S91-AFt-278.txt
1,S91-AFt-279.txt
1,S91-AFt-280.txt
1,S91-AFt-281.txt
1,S91-AFt-282.txt
1,S91-AFt-283.txt
1,S91-AFt-284.txt
1,S91-AFt-285.txt
1,S91-AFt-286.txt
1,S91-AFt-287.txt
1,S91-AFt-288.txt
1,S91-AFt-289.txt
1,S91-AFt-290.txt
1,S91-AFt-291.txt
1,S91-AFt-292.txt
1,S91-AFt-293.txt
1,S91-AFt-294.txt
1,S91-AFt-295.txt
1,S91-AFt-296.txt
1,S91-AFt-297.txt
1,S91-AFt-298.txt
1,S91-AFt-299.txt
1,S91-AFt-300.txt
1,S91-AFt-301.txt
1,S91-AFt-302.txt
3,S45-VFb-205.txt
3,S45-VFb-206.txt
3,S45-VFb-207.txt
3,S45-VFb-208.txt
3,S45-VFb-209.txt
3,S45-VFb-210.txt
3,S45-VFb-211.txt
3,S45-VFb-212.txt
3,S45-VFb-213.txt
3,S45-VFb-214.txt
3,S45-VFb-215.txt
3,S45-VFb-216.txt
3,S45-VFb-217.txt
3,S45-VFb-218.txt
3,S45-VFb-219.txt
3,S45-VFb-220.txt
3,S45-VFb-221.txt
3,S45-VFb-222.txt
3,S45-VFb-223.txt
3,S45-VFb-224.txt
3,S45-VFb-225.txt
3,S45-VFb-226.txt
3,S45-VFb-227.txt
3,S45-VFb-228.txt
3,S45-VFb-229.txt
3,S45-VFb-230.txt
3,S45-VFb-231.txt
3,S45-VFb-232.txt
3,S45-VFb-233.txt
3,S45-VFb-234.txt
3,S45-VFb-235.txt
3,S45-VFb-236.txt
3,S45-VFb-237.txt
3,S45-VFb-238.txt
3,S45-VFb-239.txt
3,S45-VFb-240.txt
3,S45-VFb-241.txt
3,S45-VFb-242.txt
3,S45-VFb-243.txt
3,S45-VFb-244.txt
3,S45-VFb-245.txt
3,S45-VFb-246.txt
3,S45-VFb-247.txt
3,S45-VFb-248.txt
3,S45-VFb-249.txt
3,S45-VFb-250.txt
3,S45-VFb-251.txt
3,S45-VFb-252.txt
3,S45-VFb-253.txt
3,S45-VFb-254.txt
3,S45-VFb-255.txt
3,S45-VFb-256.txt
3,S45-VFb-257.txt
3,S45-VFb-258.txt
3,S45-VFb-259.txt
3,S45-VFb-260.txt
3,S45-VFb-261.txt
3,S45-VFb-262.txt
3,S45-VFb-263.txt
3,S45-VFb-264.txt
3,S45-VFb-265.txt
3,S45-VFb-266.txt
3,S45-VFb-267.txt
3,S45-VFb-268.txt
3,S45-VFb-269.txt
3,S45-VFb-270.txt
3,S45-VFb-271.txt
3,S45-VFb-272.txt
3,S45-VFb-273.txt
3,S45-VFb-274.txt
3,S45-VFb-275.txt
3,S45-VFb-276.txt
3,S45-VFb-277.txt
3,S45-VFb-278.txt
3,S45-VFb-279.txt
3,S45-VFb-280.txt
3,S45-VFb-281.txt
3,S45-VFb-282.txt
3,S45-VFb-283.txt
3,S45-VFb-284.txt
3,S45-VFb-285.txt
3,S45-VFb-286.txt
3,S45-VFb-287.txt
3,S45-VFb-288.txt
3,S45-VFb-289.txt
3,S45-VFb-290.txt
3,S45-VFb-291.txt
3,S45-VFb-292.txt
3,S45-VFb-293.txt
3,S45-VFb-294.txt
3,S45-VFb-295.txt
3,S45-VFb-296.txt
3,S45-VFb-297.txt
3,S45-VFb-298.txt
3,S45-VFb-299.txt
3,S45-VFb-300.txt
5,S45-VPD-1.txt
5,S45-VPD-2.txt
5,S45-VPD-3.txt
5,S45-VPD-4.txt
5,S45-VPD-5.txt
5,S45-VPD-6.txt
5,S45-VPD-7.txt
5,S45-VPD-8.txt
5,S45-VPD-9.txt
5,S45-VPD-10.txt
5,S45-VPD-11.txt
5,S45-VPD-12.txt
5,S45-VPD-13.txt
5,S45-VPD-14.txt
5,S45-VPD-15.txt
5,S45-VPD-16.txt
5,S45-VPD-17.txt
5,S45-VPD-18.txt
5,S45-VPD-19.txt
5,S45-VPD-20.txt
5,S45-VPD-21.txt
5,S45-VPD-22.txt
5,S45-VPD-23.txt
5,S45-VPD-24.txt
5,S45-VPD-25.txt
5,S45-VPD-26.txt
5,S45-VPD-27.txt
5,S45-VPD-28.txt
5,S45-VPD-29.txt
5,S45-VPD-30.txt
5,S45-VPD-31.txt
5,S45-VPD-32.txt
5,S45-VPD-33.txt
5,S45-VPD-34.txt
5,S45-VPD-35.txt
5,S45-VPD-36.txt
5,S45-VPD-37.txt
5,S45-VPD-38.txt
5,S45-VPD-39.txt
5,S45-VPD-40.txt
5,S45-VPD-41.txt
5,S45-VPD-42.txt
5,S45-VPD-43.txt
5,S45-VPD-44.txt
5,S45-VPD-45.txt
5,S45-VPD-46.txt
5,S45-VPD-47.txt
5,S45-VPD-48.txt
5,S45-VPD-49.txt
5,S45-VPD-50.txt
5,S45-VPD-51.txt
5,S45-VPD-52.txt
5,S45-VPD-53.txt
5,S45-VPD-54.txt
5,S45-VPD-55.txt
5,S45-VPD-56.txt
5,S45-VPD-57.txt
5,S45-VPD-58.txt
5,S45-VPD-59.txt
5,S45-VPD-60.txt
5,S45-VPD-61.txt
5,S45-VPD-62.txt
5,S45-VPD-63.txt
5,S45-VPD-64.txt
5,S45-VPD-65.txt
5,S45-VPD-66.txt
5,S45-VPD-67.txt
5,S45-VPD-68.txt
5,S45-VPD-69.txt
5,S45-VPD-70.txt
5,S45-VPD-71.txt
5,S45-VPD-72.txt
5,S45-VPD-73.txt
5,S45-VPD-74.txt
5,S45-VPD-75.txt
5,S45-VPD-76.txt
5,S45-VPD-77.txt
5,S45-VPD-78.txt
5,S45-VPD-79.txt
5,S45-VPD-80.txt
5,S45-VPD-81.txt
5,S45-VPD-82.txt
5,S45-VPD-83.txt
5,S45-VPD-84.txt
5,S45-VPD-85.txt
5,S45-VPD-86.txt
5,S45-VPD-87.txt
5,S45-VPD-88.txt
5,S45-VPD-89.txt
5,S45-VPD-90.txt
5,S45-VPD-91.txt
5,S45-VPD-92.txt
5,S45-VPD-93.txt
5,S45-VPD-94.txt
5,S45-VPD-95.txt
5,S45-VPD-96.txt
5,S45-VPD-97.txt
5,S45-VPD-98.txt
5,S45-VPD-99.txt
5,S45-VPD-100.txt
5,S45-VPD-101.txt
5,S45-VPD-102.txt
5,S45-VPD-103.txt
5,S45-VPD-104.txt
5,S45-VPD-105.txt
5,S45-VPD-106.txt
5,S45-VPD-107.txt
5,S45-VPD-108.txt
5,S45-VPD-109.txt
5,S45-VPD-110.txt
5,S45-VPD-111.txt
5,S45-VPD-112.txt
5,S45-VPD-113.txt
5,S45-VPD-114.txt
5,S45-VPD-115.txt
5,S45-VPD-116.txt
5,S45-VPD-117.txt
5,S45-VPD-118.txt
5,S45-VPD-119.txt
5,S45-VPD-120.txt
5,S45-VPD-121.txt
5,S45-VPD-122.txt
5,S45-VPD-123.txt
5,S45-VPD-124.txt
5,S45-VPD-125.txt
5,S45-VPD-126.txt
5,S45-VPD-127.txt
5,S45-VPD-128.txt
5,S45-VPD-129.txt
5,S45-VPD-130.txt
5,S45-VPD-131.txt
5,S45-VPD-132.txt
5,S45-VPD-133.txt
5,S45-VPD-134.txt
5,S45-VPD-135.txt
5,S45-VPD-136.txt
5,S45-VPD-137.txt
5,S45-VPD-138.txt
5,S45-VPD-139.txt
5,S45-VPD-140.txt
5,S45-VPD-141.txt
5,S45-VPD-142.txt
5,S45-VPD-143.txt
5,S45-VPD-144.txt
5,S45-VPD-145.txt
5,S45-VPD-146.txt
5,S45-VPD-147.txt
5,S45-VPD-148.txt
5,S45-VPD-149.txt
5,S45-VPD-150.txt
5,S45-VPD-151.txt
5,S45-VPD-152.txt
5,S45-VPD-153.txt
5,S45-VPD-154.txt
5,S45-VPD-155.txt
5,S45-VPD-156.txt
5,S45-VPD-157.txt
5,S45-VPD-158.txt
5,S45-VPD-159.txt
5,S45-VPD-160.txt
5,S45-VPD-161.txt
5,S45-VPD-162.txt
5,S45-VPD-163.txt
5,S45-VPD-164.txt
5,S45-VPD-165.txt
5,S45-VPD-166.txt
5,S45-VPD-167.txt
5,S45-VPD-168.txt
5,S45-VPD-169.txt
5,S45-VPD-170.txt
5,S45-VPD-171.txt
5,S45-VPD-172.txt
5,S45-VPD-173.txt
5,S45-VPD-174.txt
5,S45-VPD-175.txt
5,S45-VPD-176.txt
5,S45-VPD-177.txt
5,S45-VPD-178.txt
5,S45-VPD-179.txt
5,S45-VPD-180.txt
5,S45-VPD-181.txt
5,S45-VPD-182.txt
5,S45-VPD-183.txt
5,S45-VPD-184.txt
5,S45-VPD-185.txt
5,S45-VPD-186.txt
5,S45-VPD-187.txt
5,S45-VPD-188.txt
5,S45-VPD-189.txt
5,S45-VPD-190.txt
5,S45-VPD-191.txt
5,S45-VPD-192.txt
5,S45-VPD-193.txt
5,S45-VPD-194.txt
5,S45-VPD-195.txt
5,S45-VPD-196.txt
5,S45-VPD-197.txt
5,S45-VPD-198.txt
5,S45-VPD-199.txt
5,S45-VPD-200.txt
5,S45-VPD-201.txt
5,S45-VPD-202.txt
5,S45-VPD-203.txt
5,S45-VPD-204.txt
5,S81-VPD-1.txt
5,S81-VPD-2.txt
5,S81-VPD-3.txt
5,S81-VPD-4.txt
5,S81-VPD-5.txt
5,S81-VPD-6.txt
5,S81-VPD-7.txt
5,S81-VPD-8.txt
5,S81-VPD-9.txt
5,S81-VPD-10.txt
5,S81-VPD-11.txt
5,S81-VPD-12.txt
5,S81-VPD-13.txt
5,S81-VPD-14.txt
5,S81-VPD-15.txt
5,S81-VPD-16.txt
5,S81-VPD-17.txt
5,S81-VPD-18.txt
5,S81-VPD-19.txt
5,S81-VPD-20.txt
5,S81-VPD-21.txt
5,S81-VPD-22.txt
5,S81-VPD-23.txt
5,S81-VPD-24.txt
5,S81-VPD-25.txt
5,S81-VPD-26.txt
5,S81-VPD-27.txt
5,S81-VPD-28.txt
5,S81-VPD-29.txt
5,S81-VPD-30.txt
5,S81-VPD-31.txt
5,S81-VPD-32.txt
5,S81-VPD-33.txt
5,S81-VPD-34.txt
5,S81-VPD-35.txt
5,S81-VPD-36.txt
5,S81-VPD-37.txt
5,S81-VPD-38.txt
5,S81-VPD-39.txt
5,S81-VPD-40.txt
5,S81-VPD-41.txt
5,S81-VPD-42.txt
5,S81-VPD-43.txt
5,S81-VPD-44.txt
5,S81-VPD-45.txt
5,S81-VPD-46.txt
5,S81-VPD-47.txt
5,S81-VPD-48.txt
5,S81-VPD-49.txt
5,S81-VPD-50.txt
5,S81-VPD-51.txt
5,S81-VPD-52.txt
5,S81-VPD-53.txt
5,S81-VPD-54.txt
5,S81-VPD-55.txt
5,S81-VPD-56.txt
5,S81-VPD-57.txt
5,S81-VPD-58.txt
5,S81-VPD-59.txt
5,S81-VPD-60.txt
5,S81-VPD-61.txt
5,S81-VPD-62.txt
5,S81-VPD-63.txt
5,S81-VPD-64.txt
5,S81-VPD-65.txt
5,S81-VPD-66.txt
5,S81-VPD-67.txt
5,S81-VPD-68.txt
5,S81-VPD-69.txt
5,S81-VPD-70.txt
5,S81-VPD-71.txt
5,S81-VPD-72.txt
5,S81-VPD-73.txt
5,S81-VPD-74.txt
5,S81-VPD-75.txt
5,S81-VPD-76.txt
5,S81-VPD-77.txt
5,S81-VPD-78.txt
5,S81-VPD-79.txt
5,S81-VPD-80.txt
5,S81-VPD-81.txt
5,S81-VPD-82.txt
5,S81-VPD-83.txt
5,S81-VPD-84.txt
5,S81-VPD-85.txt
5,S81-VPD-86.txt
5,S81-VPD-87.txt
5,S81-VPD-88.txt
5,S81-VPD-89.txt
5,S81-VPD-90.txt
5,S81-VPD-91.txt
5,S81-VPD-92.txt
5,S81-VPD-93.txt
5,S81-VPD-94.txt
5,S81-VPD-95.txt
5,S81-VPD-96.txt
5,S81-VPD-97.txt
5,S81-VPD-98.txt
5,S81-VPD-99.txt
5,S81-VPD-100.txt
5,S81-VPD-101.txt
5,S81-VPD-102.txt
5,S81-VPD-103.txt
5,S81-VPD-104.txt
5,S81-VPD-105.txt
5,S81-VPD-106.txt
5,S81-VPD-107.txt
5,S81-VPD-108.txt
5,S81-VPD-109.txt
5,S81-VPD-110.txt
5,S81-VPD-111.txt
5,S81-VPD-112.txt
5,S81-VPD-113.txt
5,S81-VPD-114.txt
5,S81-VPD-115.txt
5,S81-VPD-116.txt
5,S81-VPD-117.txt
5,S81-VPD-118.txt
5,S81-VPD-119.txt
5,S81-VPD-120.txt
5,S81-VPD-121.txt
5,S81-VPD-122.txt
5,S81-VPD-123.txt
5,S81-VPD-124.txt
5,S81-VPD-125.txt
5,S81-VPD-126.txt
5,S81-VPD-127.txt
5,S81-VPD-128.txt
5,S81-VPD-129.txt
5,S81-VPD-130.txt
5,S81-VPD-131.txt
5,S81-VPD-132.txt
5,S81-VPD-133.txt
5,S81-VPD-134.txt
5,S81-VPD-135.txt
5,S81-VPD-136.txt
5,S81-VPD-137.txt
5,S81-VPD-138.txt
3,S32-VFb-139.txt
3,S32-VFb-140.txt
3,S32-VFb-141.txt
3,S32-VFb-142.txt
3,S32-VFb-143.txt
3,S32-VFb-144.txt
3,S32-VFb-145.txt
3,S32-VFb-146.txt
3,S32-VFb-147.txt
3,S32-VFb-148.txt
3,S32-VFb-149.txt
3,S32-VFb-150.txt
3,S32-VFb-151.txt
3,S32-VFb-152.txt
3,S32-VFb-153.txt
3,S32-VFb-154.txt
3,S32-VFb-155.txt
3,S32-VFb-156.txt
3,S32-VFb-157.txt
3,S32-VFb-158.txt
3,S32-VFb-159.txt
3,S32-VFb-160.txt
3,S32-VFb-161.txt
3,S32-VFb-162.txt
3,S32-VFb-163.txt
3,S32-VFb-164.txt
3,S32-VFb-165.txt
3,S32-VFb-166.txt
3,S32-VFb-167.txt
3,S32-VFb-168.txt
3,S32-VFb-169.txt
3,S32-VFb-170.txt
3,S32-VFb-171.txt
3,S32-VFb-172.txt
3,S32-VFb-173.txt
3,S32-VFb-174.txt
2,S10-SVT-146.txt
2,S10-SVT-147.txt
2,S10-SVT-148.txt
2,S10-SVT-149.txt
2,S10-SVT-150.txt
2,S10-SVT-151.txt
2,S10-SVT-152.txt
2,S10-SVT-153.txt
2,S10-SVT-154.txt
2,S10-SVT-155.txt
2,S10-SVT-156.txt
2,S10-SVT-157.txt
2,S10-SVT-158.txt
2,S10-SVT-159.txt
2,S10-SVT-160.txt
2,S10-SVT-161.txt
2,S10-SVT-162.txt
2,S10-SVT-163.txt
2,S10-SVT-164.txt
2,S10-SVT-165.txt
2,S10-SVT-166.txt
2,S10-SVT-167.txt
2,S10-SVT-168.txt
2,S10-SVT-169.txt
2,S10-SVT-170.txt
2,S10-SVT-171.txt
2,S10-SVT-172.txt
2,S10-SVT-173.txt
2,S10-SVT-174.txt
2,S10-SVT-175.txt
2,S10-SVT-176.txt
2,S10-SVT-177.txt
2,S10-SVT-178.txt
2,S10-SVT-179.txt
2,S10-SVT-180.txt
2,S10-SVT-181.txt
2,S10-SVT-182.txt
2,S10-SVT-183.txt
2,S10-SVT-184.txt
2,S10-SVT-185.txt
2,S10-SVT-186.txt
2,S10-SVT-187.txt
2,S10-SVT-188.txt
2,S10-SVT-189.txt
2,S10-SVT-190.txt
2,S10-SVT-191.txt
2,S10-SVT-192.txt
2,S10-SVT-193.txt
2,S10-SVT-194.txt
2,S10-SVT-195.txt
2,S10-SVT-196.txt
2,S10-SVT-197.txt
2,S10-SVT-198.txt
2,S10-SVT-199.txt
2,S10-SVT-200.txt
2,S10-SVT-201.txt
2,S10-SVT-202.txt
2,S10-SVT-203.txt
2,S10-SVT-204.txt
2,S10-SVT-205.txt
2,S10-SVT-206.txt
0,S43-AFb-81.txt
0,S43-AFb-82.txt
0,S43-AFb-83.txt
0,S43-AFb-84.txt
0,S43-AFb-85.txt
0,S43-AFb-86.txt
0,S43-AFb-87.txt
0,S43-AFb-88.txt
0,S43-AFb-89.txt
0,S43-AFb-90.txt
0,S43-AFb-91.txt
0,S43-AFb-92.txt
0,S43-AFb-93.txt
0,S43-AFb-94.txt
0,S43-AFb-95.txt
0,S43-AFb-96.txt
0,S43-AFb-97.txt
0,S43-AFb-98.txt
0,S43-AFb-99.txt
0,S43-AFb-100.txt
0,S43-AFb-101.txt
0,S43-AFb-102.txt
0,S43-AFb-103.txt
0,S43-AFb-104.txt
0,S43-AFb-105.txt
3,S89-VFb-137.txt
3,S89-VFb-138.txt
3,S89-VFb-139.txt
3,S89-VFb-140.txt
3,S89-VFb-141.txt
3,S89-VFb-142.txt
3,S89-VFb-143.txt
3,S89-VFb-144.txt
3,S89-VFb-145.txt
3,S89-VFb-146.txt
3,S89-VFb-147.txt
3,S89-VFb-148.txt
3,S89-VFb-149.txt
3,S89-VFb-150.txt
3,S89-VFb-151.txt
3,S89-VFb-152.txt
3,S89-VFb-153.txt
3,S89-VFb-154.txt
3,S89-VFb-155.txt
3,S89-VFb-156.txt
0,S07-AFb-1.txt
0,S07-AFb-2.txt
0,S07-AFb-3.txt
0,S07-AFb-4.txt
0,S07-AFb-5.txt
0,S07-AFb-6.txt
0,S07-AFb-7.txt
0,S07-AFb-8.txt
0,S07-AFb-9.txt
0,S07-AFb-10.txt
0,S07-AFb-11.txt
0,S07-AFb-12.txt
0,S07-AFb-13.txt
0,S07-AFb-14.txt
0,S07-AFb-15.txt
0,S07-AFb-16.txt
0,S07-AFb-17.txt
0,S07-AFb-18.txt
0,S07-AFb-19.txt
0,S07-AFb-20.txt
0,S07-AFb-21.txt
0,S07-AFb-22.txt
0,S07-AFb-23.txt
0,S07-AFb-24.txt
0,S07-AFb-25.txt
0,S07-AFb-26.txt
0,S07-AFb-27.txt
0,S07-AFb-28.txt
0,S07-AFb-29.txt
0,S07-AFb-30.txt
0,S07-AFb-31.txt
0,S07-AFb-32.txt
0,S07-AFb-33.txt
0,S07-AFb-34.txt
0,S07-AFb-35.txt
0,S07-AFb-36.txt
0,S07-AFb-37.txt
0,S07-AFb-38.txt
0,S07-AFb-39.txt
0,S07-AFb-40.txt
0,S07-AFb-41.txt
0,S07-AFb-42.txt
0,S07-AFb-43.txt
0,S07-AFb-44.txt
0,S07-AFb-45.txt
0,S07-AFb-46.txt
0,S07-AFb-47.txt
0,S07-AFb-48.txt
0,S07-AFb-49.txt
0,S07-AFb-50.txt
0,S07-AFb-51.txt
0,S07-AFb-52.txt
0,S07-AFb-53.txt
0,S07-AFb-54.txt
0,S07-AFb-55.txt
0,S07-AFb-56.txt
0,S07-AFb-57.txt
0,S07-AFb-58.txt
0,S07-AFb-59.txt
0,S07-AFb-60.txt
0,S07-AFb-61.txt
0,S07-AFb-62.txt
0,S07-AFb-63.txt
0,S07-AFb-64.txt
0,S07-AFb-65.txt
0,S07-AFb-66.txt
0,S07-AFb-67.txt
0,S07-AFb-68.txt
0,S07-AFb-69.txt
0,S07-AFb-70.txt
0,S07-AFb-71.txt
0,S07-AFb-72.txt
0,S07-AFb-73.txt
0,S07-AFb-74.txt
0,S07-AFb-75.txt
0,S07-AFb-76.txt
0,S07-AFb-77.txt
0,S07-AFb-78.txt
0,S07-AFb-79.txt
0,S07-AFb-80.txt
0,S07-AFb-81.txt
0,S07-AFb-82.txt
0,S07-AFb-83.txt
0,S07-AFb-84.txt
0,S07-AFb-85.txt
0,S07-AFb-86.txt
0,S07-AFb-87.txt
0,S07-AFb-88.txt
0,S07-AFb-89.txt
0,S07-AFb-90.txt
0,S07-AFb-91.txt
0,S07-AFb-92.txt
0,S07-AFb-93.txt
0,S07-AFb-94.txt
0,S07-AFb-95.txt
0,S07-AFb-96.txt
0,S07-AFb-97.txt
0,S07-AFb-98.txt
0,S07-AFb-99.txt
0,S07-AFb-100.txt
0,S07-AFb-101.txt
0,S07-AFb-102.txt
0,S07-AFb-103.txt
0,S07-AFb-104.txt
0,S07-AFb-105.txt
0,S07-AFb-106.txt
0,S07-AFb-107.txt
0,S07-AFb-108.txt
0,S07-AFb-109.txt
0,S07-AFb-110.txt
0,S07-AFb-111.txt
0,S07-AFb-112.txt
0,S07-AFb-113.txt
0,S07-AFb-114.txt
0,S07-AFb-115.txt
0,S07-AFb-116.txt
0,S07-AFb-117.txt
0,S07-AFb-118.txt
0,S07-AFb-119.txt
0,S07-AFb-120.txt
0,S07-AFb-121.txt
0,S07-AFb-122.txt
0,S07-AFb-123.txt
0,S07-AFb-124.txt
0,S07-AFb-125.txt
0,S07-AFb-126.txt
0,S07-AFb-127.txt
0,S07-AFb-128.txt
0,S07-AFb-129.txt
0,S07-AFb-130.txt
0,S07-AFb-131.txt
0,S07-AFb-132.txt
0,S07-AFb-133.txt
0,S07-AFb-134.txt
0,S07-AFb-135.txt
0,S07-AFb-136.txt
3,S80-VFb-143.txt
3,S80-VFb-144.txt
3,S80-VFb-145.txt
3,S80-VFb-146.txt
3,S80-VFb-147.txt
3,S80-VFb-148.txt
3,S80-VFb-149.txt
3,S80-VFb-150.txt
3,S80-VFb-151.txt
3,S80-VFb-152.txt
3,S80-VFb-153.txt
3,S80-VFb-154.txt
3,S80-VFb-155.txt
3,S80-VFb-156.txt
3,S80-VFb-157.txt
3,S80-VFb-158.txt
3,S80-VFb-159.txt
3,S80-VFb-160.txt
3,S80-VFb-161.txt
3,S80-VFb-162.txt
3,S80-VFb-163.txt
3,S80-VFb-164.txt
3,S80-VFb-165.txt
3,S80-VFb-166.txt
3,S80-VFb-167.txt
3,S80-VFb-168.txt
3,S80-VFb-169.txt
3,S80-VFb-170.txt
3,S80-VFb-171.txt
3,S80-VFb-172.txt
3,S80-VFb-173.txt
3,S80-VFb-174.txt
3,S80-VFb-175.txt
3,S80-VFb-176.txt
3,S80-VFb-177.txt
3,S80-VFb-178.txt
3,S80-VFb-179.txt
3,S80-VFb-180.txt
3,S80-VFb-181.txt
3,S80-VFb-182.txt
3,S80-VFb-183.txt
3,S80-VFb-184.txt
3,S80-VFb-185.txt
3,S80-VFb-186.txt
3,S80-VFb-187.txt
3,S80-VFb-188.txt
3,S80-VFb-189.txt
3,S80-VFb-190.txt
3,S80-VFb-191.txt
3,S80-VFb-192.txt
3,S80-VFb-193.txt
3,S80-VFb-194.txt
3,S80-VFb-195.txt
3,S80-VFb-196.txt
3,S80-VFb-197.txt
3,S80-VFb-198.txt
3,S80-VFb-199.txt
3,S80-VFb-200.txt
3,S80-VFb-201.txt
3,S80-VFb-202.txt
3,S80-VFb-203.txt
3,S80-VFb-204.txt
3,S80-VFb-205.txt
3,S80-VFb-206.txt
3,S80-VFb-207.txt
3,S80-VFb-208.txt
3,S80-VFb-209.txt
3,S80-VFb-210.txt
3,S80-VFb-211.txt
3,S80-VFb-212.txt
3,S80-VFb-213.txt
3,S80-VFb-214.txt
3,S80-VFb-215.txt
3,S80-VFb-216.txt
3,S80-VFb-217.txt
3,S80-VFb-218.txt
3,S80-VFb-219.txt
3,S80-VFb-220.txt
3,S80-VFb-221.txt
3,S80-VFb-222.txt
3,S80-VFb-223.txt
3,S80-VFb-224.txt
3,S80-VFb-225.txt
3,S80-VFb-226.txt
3,S80-VFb-227.txt
3,S80-VFb-228.txt
3,S80-VFb-229.txt
3,S80-VFb-230.txt
3,S80-VFb-231.txt
3,S80-VFb-232.txt
3,S80-VFb-233.txt
3,S80-VFb-234.txt
3,S80-VFb-235.txt
3,S80-VFb-236.txt
3,S80-VFb-237.txt
3,S80-VFb-238.txt
3,S80-VFb-239.txt
3,S80-VFb-240.txt
3,S80-VFb-241.txt
3,S80-VFb-242.txt
3,S80-VFb-243.txt
3,S80-VFb-244.txt
3,S80-VFb-245.txt
3,S80-VFb-246.txt
3,S80-VFb-247.txt
3,S80-VFb-248.txt
3,S80-VFb-249.txt
3,S80-VFb-250.txt
3,S80-VFb-251.txt
3,S80-VFb-252.txt
3,S80-VFb-253.txt
3,S80-VFb-254.txt
3,S80-VFb-255.txt
3,S80-VFb-256.txt
3,S80-VFb-257.txt
3,S80-VFb-258.txt
3,S80-VFb-259.txt
3,S80-VFb-260.txt
3,S80-VFb-261.txt
3,S80-VFb-262.txt
3,S80-VFb-263.txt
3,S80-VFb-264.txt
3,S80-VFb-265.txt
3,S80-VFb-266.txt
3,S80-VFb-267.txt
3,S80-VFb-268.txt
3,S80-VFb-269.txt
3,S80-VFb-270.txt
3,S80-VFb-271.txt
3,S80-VFb-272.txt
3,S80-VFb-273.txt
3,S80-VFb-274.txt
3,S80-VFb-275.txt
3,S80-VFb-276.txt
3,S80-VFb-277.txt
